-- MariaDB dump 10.19  Distrib 10.4.24-MariaDB, for Win64 (AMD64)
--
-- Host: localhost    Database: scripttaller
-- ------------------------------------------------------
-- Server version	10.4.24-MariaDB

/*!40101 SET @OLD_CHARACTER_SET_CLIENT=@@CHARACTER_SET_CLIENT */;
/*!40101 SET @OLD_CHARACTER_SET_RESULTS=@@CHARACTER_SET_RESULTS */;
/*!40101 SET @OLD_COLLATION_CONNECTION=@@COLLATION_CONNECTION */;
/*!40101 SET NAMES utf8mb4 */;
/*!40103 SET @OLD_TIME_ZONE=@@TIME_ZONE */;
/*!40103 SET TIME_ZONE='+00:00' */;
/*!40014 SET @OLD_UNIQUE_CHECKS=@@UNIQUE_CHECKS, UNIQUE_CHECKS=0 */;
/*!40014 SET @OLD_FOREIGN_KEY_CHECKS=@@FOREIGN_KEY_CHECKS, FOREIGN_KEY_CHECKS=0 */;
/*!40101 SET @OLD_SQL_MODE=@@SQL_MODE, SQL_MODE='NO_AUTO_VALUE_ON_ZERO' */;
/*!40111 SET @OLD_SQL_NOTES=@@SQL_NOTES, SQL_NOTES=0 */;

--
-- Table structure for table `administrador`
--

DROP TABLE IF EXISTS `administrador`;
/*!40101 SET @saved_cs_client     = @@character_set_client */;
/*!40101 SET character_set_client = utf8 */;
CREATE TABLE `administrador` (
  `idAdmin` int(11) NOT NULL AUTO_INCREMENT,
  `Usuario` varchar(255) NOT NULL,
  `contrasena` varchar(255) NOT NULL,
  `correo` varchar(255) DEFAULT NULL,
  `telefono` int(255) NOT NULL,
  `direccion` varchar(255) NOT NULL,
  PRIMARY KEY (`idAdmin`)
) ENGINE=InnoDB AUTO_INCREMENT=25 DEFAULT CHARSET=utf8mb4;
/*!40101 SET character_set_client = @saved_cs_client */;

--
-- Dumping data for table `administrador`
--

LOCK TABLES `administrador` WRITE;
/*!40000 ALTER TABLE `administrador` DISABLE KEYS */;
INSERT INTO `administrador` VALUES (19,'Renato1','d68c9a8c2b99887690d21906dd5238b2','renatotr66@gmail.com',2147483647,'Los nogales 111'),(20,'wenas','d68c9a8c2b99887690d21906dd5238b2','nosignal7766@gmail.com',997142729,'Manzanos 12 '),(24,'hans','e99a18c428cb38d5f260853678922e03','hans@gmail.com',997142729,'isla molino');
/*!40000 ALTER TABLE `administrador` ENABLE KEYS */;
UNLOCK TABLES;

--
-- Table structure for table `carrocompra`
--

DROP TABLE IF EXISTS `carrocompra`;
/*!40101 SET @saved_cs_client     = @@character_set_client */;
/*!40101 SET character_set_client = utf8 */;
CREATE TABLE `carrocompra` (
  `idCompra` int(11) NOT NULL AUTO_INCREMENT,
  `lista` int(11) NOT NULL,
  `nroSerie` int(11) NOT NULL,
  `precio` int(11) DEFAULT NULL,
  PRIMARY KEY (`idCompra`),
  CONSTRAINT `FK_Association_22` FOREIGN KEY (`nroSerie`) REFERENCES `usuario` (`idUsuario`),
  CONSTRAINT `FK_Association_23` FOREIGN KEY (`lista`) REFERENCES `factura` (`folio`)
) ENGINE=InnoDB DEFAULT CHARSET=utf8mb4;
/*!40101 SET character_set_client = @saved_cs_client */;

--
-- Dumping data for table `carrocompra`
--

LOCK TABLES `carrocompra` WRITE;
/*!40000 ALTER TABLE `carrocompra` DISABLE KEYS */;
/*!40000 ALTER TABLE `carrocompra` ENABLE KEYS */;
UNLOCK TABLES;

--
-- Table structure for table `categoria`
--

DROP TABLE IF EXISTS `categoria`;
/*!40101 SET @saved_cs_client     = @@character_set_client */;
/*!40101 SET character_set_client = utf8 */;
CREATE TABLE `categoria` (
  `idCategoria` int(11) NOT NULL AUTO_INCREMENT,
  `nombre` varchar(254) DEFAULT NULL,
  `cantidad` varchar(30) NOT NULL,
  PRIMARY KEY (`idCategoria`)
) ENGINE=InnoDB AUTO_INCREMENT=7 DEFAULT CHARSET=utf8mb4;
/*!40101 SET character_set_client = @saved_cs_client */;

--
-- Dumping data for table `categoria`
--

LOCK TABLES `categoria` WRITE;
/*!40000 ALTER TABLE `categoria` DISABLE KEYS */;
INSERT INTO `categoria` VALUES (1,'Tecnologia','30'),(2,'Ropa','10'),(3,'escritorios','70'),(4,'mandos','60'),(5,'zapatos','90');
/*!40000 ALTER TABLE `categoria` ENABLE KEYS */;
UNLOCK TABLES;

--
-- Table structure for table `categoriaproducto`
--

DROP TABLE IF EXISTS `categoriaproducto`;
/*!40101 SET @saved_cs_client     = @@character_set_client */;
/*!40101 SET character_set_client = utf8 */;
CREATE TABLE `categoriaproducto` (
  `idCatProd` int(11) NOT NULL AUTO_INCREMENT,
  `idCategoria` int(11) NOT NULL,
  `nombreProducto` varchar(255) NOT NULL,
  PRIMARY KEY (`idCatProd`),
  KEY `FK_Association_6` (`idCategoria`),
  CONSTRAINT `FK_Association_6` FOREIGN KEY (`idCategoria`) REFERENCES `categoria` (`idCategoria`) ON DELETE NO ACTION
) ENGINE=InnoDB AUTO_INCREMENT=10 DEFAULT CHARSET=utf8mb4;
/*!40101 SET character_set_client = @saved_cs_client */;

--
-- Dumping data for table `categoriaproducto`
--

LOCK TABLES `categoriaproducto` WRITE;
/*!40000 ALTER TABLE `categoriaproducto` DISABLE KEYS */;
INSERT INTO `categoriaproducto` VALUES (3,1,'notebooks'),(4,2,'billabong'),(5,3,'cougar'),(6,4,'xbox'),(7,5,'jordan'),(8,5,' nike'),(9,1,'tablet');
/*!40000 ALTER TABLE `categoriaproducto` ENABLE KEYS */;
UNLOCK TABLES;

--
-- Table structure for table `cliente`
--

DROP TABLE IF EXISTS `cliente`;
/*!40101 SET @saved_cs_client     = @@character_set_client */;
/*!40101 SET character_set_client = utf8 */;
CREATE TABLE `cliente` (
  `idCliente` int(11) NOT NULL AUTO_INCREMENT,
  `idCompra` int(11) DEFAULT NULL,
  `nombre` varchar(255) DEFAULT NULL,
  `apellido` varchar(255) DEFAULT NULL,
  `tarjeta` varchar(255) DEFAULT NULL,
  PRIMARY KEY (`idCliente`),
  CONSTRAINT `FK_Reference_10` FOREIGN KEY (`idCompra`) REFERENCES `carrocompra` (`idCompra`)
) ENGINE=InnoDB DEFAULT CHARSET=utf8mb4;
/*!40101 SET character_set_client = @saved_cs_client */;

--
-- Dumping data for table `cliente`
--

LOCK TABLES `cliente` WRITE;
/*!40000 ALTER TABLE `cliente` DISABLE KEYS */;
/*!40000 ALTER TABLE `cliente` ENABLE KEYS */;
UNLOCK TABLES;

--
-- Table structure for table `clientes`
--

DROP TABLE IF EXISTS `clientes`;
/*!40101 SET @saved_cs_client     = @@character_set_client */;
/*!40101 SET character_set_client = utf8 */;
CREATE TABLE `clientes` (
  `id` int(11) NOT NULL AUTO_INCREMENT,
  `name` varchar(100) COLLATE utf8_unicode_ci NOT NULL,
  `email` varchar(100) COLLATE utf8_unicode_ci NOT NULL,
  `phone` varchar(15) COLLATE utf8_unicode_ci NOT NULL,
  `address` text COLLATE utf8_unicode_ci NOT NULL,
  `created` datetime NOT NULL,
  `modified` datetime NOT NULL,
  `status` enum('1','0') COLLATE utf8_unicode_ci NOT NULL DEFAULT '1',
  PRIMARY KEY (`id`)
) ENGINE=InnoDB AUTO_INCREMENT=2 DEFAULT CHARSET=utf8 COLLATE=utf8_unicode_ci;
/*!40101 SET character_set_client = @saved_cs_client */;

--
-- Dumping data for table `clientes`
--

LOCK TABLES `clientes` WRITE;
/*!40000 ALTER TABLE `clientes` DISABLE KEYS */;
INSERT INTO `clientes` VALUES (1,'renato','renatotr66@gmail.com','997142729','Arica','2022-02-17 08:21:25','2018-02-17 08:21:25','1');
/*!40000 ALTER TABLE `clientes` ENABLE KEYS */;
UNLOCK TABLES;

--
-- Table structure for table `distribuidor`
--

DROP TABLE IF EXISTS `distribuidor`;
/*!40101 SET @saved_cs_client     = @@character_set_client */;
/*!40101 SET character_set_client = utf8 */;
CREATE TABLE `distribuidor` (
  `rutDistribuidor` varchar(254) NOT NULL,
  `nombreEmpresa` varchar(254) DEFAULT NULL,
  `anioAntiguedad` int(11) DEFAULT NULL,
  `calle` varchar(254) DEFAULT NULL,
  `numero` varchar(254) DEFAULT NULL,
  `comuna` varchar(254) DEFAULT NULL,
  `pais` varchar(254) DEFAULT NULL,
  `fono` int(11) DEFAULT NULL,
  PRIMARY KEY (`rutDistribuidor`)
) ENGINE=InnoDB DEFAULT CHARSET=utf8mb4;
/*!40101 SET character_set_client = @saved_cs_client */;

--
-- Dumping data for table `distribuidor`
--

LOCK TABLES `distribuidor` WRITE;
/*!40000 ALTER TABLE `distribuidor` DISABLE KEYS */;
/*!40000 ALTER TABLE `distribuidor` ENABLE KEYS */;
UNLOCK TABLES;

--
-- Table structure for table `factura`
--

DROP TABLE IF EXISTS `factura`;
/*!40101 SET @saved_cs_client     = @@character_set_client */;
/*!40101 SET character_set_client = utf8 */;
CREATE TABLE `factura` (
  `folio` int(11) NOT NULL AUTO_INCREMENT,
  `rutDistribuidor` varchar(254) NOT NULL,
  `idMetodo` int(11) NOT NULL,
  `precioNeto` float DEFAULT NULL,
  `precioIVA` float DEFAULT NULL,
  `costoIVA` float DEFAULT NULL,
  `fechaCompra` datetime DEFAULT NULL,
  PRIMARY KEY (`folio`),
  CONSTRAINT `FK_Association_24` FOREIGN KEY (`rutDistribuidor`) REFERENCES `distribuidor` (`rutDistribuidor`),
  CONSTRAINT `FK_Association_25` FOREIGN KEY (`idMetodo`) REFERENCES `metodopago` (`idMetodo`)
) ENGINE=InnoDB DEFAULT CHARSET=utf8mb4;
/*!40101 SET character_set_client = @saved_cs_client */;

--
-- Dumping data for table `factura`
--

LOCK TABLES `factura` WRITE;
/*!40000 ALTER TABLE `factura` DISABLE KEYS */;
/*!40000 ALTER TABLE `factura` ENABLE KEYS */;
UNLOCK TABLES;

--
-- Table structure for table `metodopago`
--

DROP TABLE IF EXISTS `metodopago`;
/*!40101 SET @saved_cs_client     = @@character_set_client */;
/*!40101 SET character_set_client = utf8 */;
CREATE TABLE `metodopago` (
  `idMetodo` int(11) NOT NULL AUTO_INCREMENT,
  `nombre` varchar(254) DEFAULT NULL,
  PRIMARY KEY (`idMetodo`)
) ENGINE=InnoDB DEFAULT CHARSET=utf8mb4;
/*!40101 SET character_set_client = @saved_cs_client */;

--
-- Dumping data for table `metodopago`
--

LOCK TABLES `metodopago` WRITE;
/*!40000 ALTER TABLE `metodopago` DISABLE KEYS */;
/*!40000 ALTER TABLE `metodopago` ENABLE KEYS */;
UNLOCK TABLES;

--
-- Table structure for table `mis_productos`
--

DROP TABLE IF EXISTS `mis_productos`;
/*!40101 SET @saved_cs_client     = @@character_set_client */;
/*!40101 SET character_set_client = utf8 */;
CREATE TABLE `mis_productos` (
  `id` int(11) NOT NULL AUTO_INCREMENT,
  `name` varchar(200) COLLATE utf8_unicode_ci NOT NULL,
  `description` text COLLATE utf8_unicode_ci NOT NULL,
  `price` float(10,2) NOT NULL,
  `created` datetime NOT NULL,
  `modified` datetime NOT NULL,
  `status` enum('1','0') COLLATE utf8_unicode_ci NOT NULL DEFAULT '1',
  `img` mediumblob NOT NULL,
  PRIMARY KEY (`id`)
) ENGINE=InnoDB AUTO_INCREMENT=8 DEFAULT CHARSET=utf8 COLLATE=utf8_unicode_ci;
/*!40101 SET character_set_client = @saved_cs_client */;

--
-- Dumping data for table `mis_productos`
--

LOCK TABLES `mis_productos` WRITE;
/*!40000 ALTER TABLE `mis_productos` DISABLE KEYS */;
INSERT INTO `mis_productos` VALUES (1,'Máquina de barba','afeitador de barba exclusivo',15000.00,'2016-08-17 08:21:25','2016-08-17 08:21:25','1','\0\0\0\0\n\n\r\r\r\r\r\r\Z\Z#\"\"\"#\'\'\'\'\'\'\'\'\'\'		\n			\r\r\r\r\r\Z\Z\Z\Z!! !!\'\'\'\'\'\'\'\'\'\'\0+\"\0\05\0\0\0\0\0\0\0\0\0\0\0\0\0\0\0\0\0\0\0\0\0\0\0\0\0\0\0\0\0\0\0\0\0\0\0\0\0\0\0\0\0\0\0\0\0\0\0\0\0\0\0\0\0\0\0\0\0\0\0\0\0\0\0\0\0\0\0\0\0\0\0\0\0ύzez#eau&:6L݄gؙje\"\0\0\0\0\0\0\0\0\0\0\0\0\0\0\0\0\0\0\0\0\0\0\0\0\0\0\0\0-j6Wu\'vr]g\rܜGuH>4N71@\0\0\0\0}at4$hz/4{g\'a7Ǒ\0\0\0\0\0\0\0\0\0\0\0\0\0\0\0\0\0Dq]۹ys\\\0G=w/sS_Kd䨶R\0\0\0\0Ǆeߛ>3wxMVƄO?SI\0\0\0\0\0\0\0\0\0\0\0\0\0\0\0\0\0[Oqp[V{;Zl/rUkvoaY+\0\0\0\007Gvg(,aݎ*Z.ǟen:?Mki0\0\0\0\0\0\0\0\0\0\0\0\0\0\0\0\0\03Oϣ\n-ڜnV}S.*zODqvqS+\0\0\0\0˺a純]I/Y	t{(fd7M~yb\0\0\0\0\0\0\0\0\0\0\0\0\0\0\0\0\0?[N;WmvefUk˖.nV/UQ+\0\0\07C\", ]\r68.`νxlu[Gߢ!I\0\0\0\0\0\0\0\0\0\0\0\0\0\0\0o~D%yV;_4^Im;Vnr62F\\[O,Dg\\\0\0\0\0#k\'7uT˽[άiRG?7Rx\0\0\0\0\0\0\0\0\0\0\0\0\0\0\0\0\0{A{Wݺ*훅܌k׌;T刋i.DR]\\\0\0\0\08Dz-M)c=kLMϖv\ZܽnʶAg\0\0\0\0\0\0\0\0\0\0\0\0\0\0\0\0_76!ٌ~EU<똗+M[ۈuiˑ@\0\0\0\0$q%F[]M<l]u0Qkϧ6| \0\0\0\0\0\0\0\0\0\0\0\0\0\0\0\0S꿘_ѿ9}>6~E.XC3=G.F{\0\0\0\0N,/5mر-Y64߿7|KX3<ʹ@\0\0\0\0\0\0\0\0\0\0\0\0\0\0\0?<}xkё$rAd,}gG\0\0\0\0s8ÐCS;<;6Io]ߣq`-b\0\0\0\0\0\0\0\0\0\0\0\0\0\0\0\0Fnk?F:9^5ozɿxȿxɝoɵćI;\0\0\0S	͐~;9M\Z|lS~ywvm·06zSV.V \0\0\0\0\0\0\0\0\0\0\0\0\0\0\0\0#>naIO,NnUާz[W>}	}w>@\0\0\0Mf3z[s[U[lw:\r?0;.2B/g\0\0\0\0\0\0\0\0\0\0\0\0\0\0\0\0i7vOf~Y+2s؊߱RukrrAːr]O=`\0\0\0\05\\}^c:\n73pl._ӗj\'-\"NR&:9p\0\0\0\0\0\0\0\0\0\0\0\0\0\0\0;>g\"67U#?DsMwѨWicj84`\0\0\0\0\ZsW~yzNk\'r4A\\+tUrs!q 5o/ؿ,x\0\0\0\0\0\0\0\0\0\0\0\0\0\0\0\0WpX뽩|:ޣ9ZzRpxkH \0\0\0|tQFIOgMtItw!ǕrşYW&ۘBo\0\0\0\0\0\0\0\0\0\0\0\0\0\0\0\0na{|ag-Nlu3߬3kwKғ[|\0\0\0\0k2{673Ғby^1Xecd+u}66<ʹxIS&B_\0\0\0\0\0\0\0\0\0\0\0\0\0\0\0\0}ҷq>a8.Ws/KCAdxc,^9>{c\0\0\0\0armz>s$DgzCdw!G2>@3Mw7\0\0\0\0\0\0\0\0\0\0\0\0\0\0\0\0\06}?0}e$5ѵ׍t(zizO]~,8\0K\0\0\0\0`kvzf\0\'OhnB=%u&ò-wbC}\0f\0\0\0\0\0\0\0\0\0\0\0\0\0\0\0\0\0>rXzOǚ>E<xfK$]緢93>\0\0\0\09r\0A:M{~S3\\q>\'>@\0\0\0\0\0\0\0\0\0\0\0\0\0\0\0\0._扏d/l/|dKv߯WEIrvXFte&WYـ\0\0\0\019^@<\0A軂!\"iwQ1/wE7_B\0\0\0\0\0\0\0\0\0\0\0\0\0\0\0\0y΃$iFK{;:ew\0c̮¼Iˇ+&2g5ݰ\0\0\0\0x\r\r7717gxu󨗻+=\0\0\0\0\0\0\0\0\0\0\0\0\0\0\0\0\04hz3}<|o#o#\ZA>kwAW=αlȓ#;ۀ\0\0\0\01\"0چ4A\Z[\Z\'veUa4NZdq\0\0\0\0\0\0\0\0\0\0\0\0\0\0\0\0\0]&FVx=\ZsK1{Zi:n\0tT\0\0\0\0Z#وt;&&V)ߏFۢ:ow7A^IDm#\0\0\0\0\0\0\0\0\0\0\0\0\0\0\0\0\0\0sOR]/{WiW86gV%}\0\0\0\0;11NyV-И{~ml\\[aI]$61\0\0\0\0\0\0\0\0\0\0\0\0\0\0\0\0\0|Qǫd&|=\r?\r5ߚoC\05M\'D\0\0\0\0\0%6E\'r\rzggݣLt3P\n*\0\0\0\0\0\0\0\0\0\0\0\0\0\0gX[೵؏ߤ0<1SPs{\r̰\0\0\0\0(V\n tіyÍ[==hO6vZ,32_WpB\"TR\0\0\0\0\0\0\0\0\0\0\0\0)P\09>xy,c_-ܱ#^?x~f\0\0**\r<@&t;lcdcJ&گ2żT=PVUC\0\0\0\0\0\0\0\0\0\0J(*+_#J\0ͧ ˡʴZ].&	?J\n*(*=R4R3nwb5{.sNJy/MW)uEj\0\0\0\0\0\0\0\0\0\0Jy=St.KD>AiEly\'_ޛKVH&,#<O#=<TB;AT[%ȬdA ht{C`t!8VQg\Z\0\0\0\0\0\0\0\0\0\0\nxhV>\0F}p}=Mm\r=~Ce^Ts6E&X/,ԳRиBظ.Vߣ҂DS,\\PQR[3}2C[.EjJ*|ԹZT\0\0\0\0\0\0\0\0\0\06Z,ؽ[{lkosN0j@Ϙ;--x\r*eW}j{.YzaϪ~~\'-穵n.w#yivL;;_гQEhT\n]*\0\0\0\0\0\0\0\0\0\0W\r~ao17C/\'$x\"~qlDWrSp]Khv׍m\rF/T[-O>ފz\n֕+?_@굖!Db<cmEV*SТ(ZT\0\0\0\0\0\0\0\0\0\0>.x,۽ǵlŷdPdV_\n/y[n~Է_ckS}5(ХU)Z*)P\n\n+SBТ<֣iP\0\0\0\0\0\08\0\0\0\0\0\0\0!1\"024P $3#%5@&6A`\'7p\0\0\0\0KNߨ$+(\nFU\0ѲJ1@9l&PjǾBIV/Pi/qG®\\Q\ZEo4)}3g{cRiˎ=NOqIwͧ˂Ƥ;\0jV}EyX\rWj=dZ\0n*5?j}ѥBOæA52M禓[wRcu_IO.DIljDXM5p?4\\\\4yNM3n䌺nk:	[\Zf{@\ZᨫjMuluœgv6g-qu\rٜk	R7^[\rBűPR#K\"A&Zv˰UuRvzN;,<fAf<3.\0Yi狯j\01JW?!ӉtrU\"FUPگv,DP+N\Zux7G.@hХlqd~sZMyJmaI+rũq6̄{Iư9D;f.I3WEƿ\rʺNt(QTEC?DtJE/A%%+W*\0%dX®$)4Lc5VN_{{WycjBWaB50NL¡Rb(bMIvZl-i=^ad\Zn`Nɸm	p\"hYd*iZ4|g8px[>a>s;]IXҊr70DL4\\5)0t\n8=f TYѭ\Z\0[*m8\05!ĭ+O((X\"\Zb\0xE=Q|iVIU\Zi=r\\ƪުu:(հknjep5jS~ޢI9[մ\r r8z\n`r\\TrqYqd2Q80|Rao6[zD(<Yj1,1v55r]<V7K mWR:<\0CnBON/H&4ֆJv>}jh`3~*մڰE	(BZkN8i8#0$Bf(k~Ir@TZTTIP?\0U۾QI{VѢmDEk\"9j[w\'W6Z9fK>[jYN6vPIexLp@! _E	N8v,/S+KR藴l81J@V$IA>^\nu\ZmO\ZUȍ0I\09:^~Gj\0	]Q3ӑ!P(R1bdɂbz\0W|B|(B>]c!-.Ҵn>B&)D5SFȢ\\҉xCCͳ֋0m\0octlD<|$\"z PMDuLBBpQP@ـӖ8o2L!cgWYʯnd=Sqȶ.AT0kjm):hKz)W8l;!~0b-\Z!Nʒ$)ES,@;+őb}%-\0<j)膦2&Adl\\KuY0~L܁WZ?s\n\'EZ dH	1a0&b: ,AVbk0qxx	mC!`@lRK-FaX%Y>̓cnOocGxWXVtd\r6^*r	.UÚxRa:hYp\n+OpK^.\"-CaVYtY$7- m(dt\\Tx6Qㇶ24ޗGMc*r$j\nt<Q&L>.Zn[sM;de\'ubw*#oT|ڴH+\0ί~JCEU`tH)(B*v!$GMUdM#i\0z[Vɮ)Y?tjl,ZD	Y\0SkwS)mǩ((`>\0!ȀY#9.\"DnEȘt2P@~j]@w/jzxWc7=f74u	v7yv	K囫$ea6^Ir®kt1\0!y1o`#Ŵph6P7ĐډqI3*E4\"9Qåź.t*I^TM3\0=Le&Ji,ܵ-m,Rከu.؟p4:;yAVG-C\\V!Np(Dͽ2c\0m:H[k(iG	7+\0΂XwVw6]EdkBB9%p=0CUJMAhd:Ac*BpIE,DVĹQŽE+:>s\Z\ni#_o$wH\'Q&hpdG)X\nq-#dN~\Zd<4E#3y0@\n*qr)va,\0nbq\Z:=sM@s%*\\i6<rMkބJed\"ʨNzLjHQ@	B]G1-!ɶŚӲ\'`u:u=2~hd\ro֏6Pӷh%Ô9\n\0&Cx@\"PbAMqNf%fy|):yZ=N=c$z洑5`D(iQbB	a*r@\0I!ER2k4ȦKyeߒb<Y-\nnN\n=Vb`N=$wOp\0`)iA		.s9ΈCt`:xd ))W	ӵ\'\r5IӾ#bCJoQN=Si<_pV)8qZU@v\0(8ȰY09*T̃ċ\\V\0k2]>|ֵl.))zmI/euvBhX\n-j_mţ\nC[P?\ZA@PTsr-?ŧyM\n;$ޕd˙AUbcfLAy>ix6/KhF|I]iyVD( \\((&mAH1kLh?\0)Aj\0	\04ߧR[}\\ѓ]Z&w+I;Wܱ8J\Z/K\Z\ZRhԐcZjM	pcD«H=r.a*P\0-]Ӿ4צK$4箏_4e_}0rٟIQJ[Oudx֕\\Dȓcc%&TgHRFL5Bx~wA˥$B3~TWϑVn=7L;UIl. }1RO܁U\\%r7f34ף?2K\\X2)	bϕXP\ZzoppnPxZ\\!H\n&UBM-\\679\\BM0GjuVx>YR箐a4^S\\8%kKtlo |o#Cu$&v44|;W\0v%1\Zب-RE\\>|^]!0n4xX&[\0[g(.nؿIWAq#_}YɌ;=SHJ(ASnṖ3G29p㮑z	қz7>Aq֔CPm钵Yq%\0oXDP\n+|`\0&^i>ƙ<2u?A3!ΚHp|H_C0D9#:	ŏ%k\n\\\')D\0p61`1-nm)+>Ƙ=AiAɗyF)鷚;]7A;\ZHI}q@4m8D\\@\r`U.S\0\ZhO@Zb4f=ᄐmKX[\'P\nHQ:ZcqZ_4vmy3]46Ǌi?\'!KX\rݠ}cD\nYA$>\"h);CO?+{mBc&xDc\n_\\10J=C!9!w\0CiKL.$\"NrP!\"x\nL9!}\niŎFҿKlUJu:y{=􍹱|ÛJﶉAWl7!L\0AA1UuP8K&4b`x1!<4e2}V#ՏVE론o/us|]х\\/J\n@D@aFr|0\0t<\'Ƒ71ڒ}VmCbB[JFlFTJ=#E\n=\\7?oJâzME{.L$F+Ke\"#Vg,muMˆnI<qqlB\r7X\"둢~7㭣@K铎Z-[ώ[if=KKK[Sl?>wi%՘⣐po-51p4}{u\r/fKZ]t[QrQUtR0JFt_>3I{n{\'Qd¹[vȻval\\K=\\p4}ǹk0\0*mj5\n\n5\"I̒pRkǬےUe^q~kC-bޓ\0\0XfuwMEܕẊGsOY?֬ߘ[@<t٩p\0d\'X\n/%&@񓚊<gb7첞ezGIh4y{$4so5?%i[R<\"*d(ҽrmGCD\'ݴsY\Z?\'O[?W\\2o%<RhZ6cIKt\'kYv\nCܫL#eRIdI$AV5nm\"ǽ< I(=zG4NAa&ZA%۠QD\r(8\r\0r\029{΅t:%o_yjQԋTA4EHI,}_]\r)kK5\0{.ϙڶrmu忍Ҟe)J?Rzmܕ\Z@SHM٬?pBQB4a.ͽ8EŖI7{p/?K(`ay(J;TpcÓ4@<M4u˳5Yk>n&dl4a[C^Bj6uZ\n]\rQ]D\0 \Z\'Xα[]>AѨzZj4Q{7(~\\k5if{\Z8G4j8Ƙ?rWFsӧ$=qFi.fqKPRS4Q\Zl<ڏ\"%Ga1ש>ÊS)Ɣ\Z8ц3y\"3TB4#Hz49ۈP)|,?JuPy^aQo>qXl\n19Ҕqs`.ghv%cȈQ@;х~\"kσۊOny\Z(PiT2?(\0vg3ٚfYFL<j>\Z\\Z,c@NzZ+vfYgSy\\cNTޗ#`ЫᜳPM|)ϲYk5k`\"-+&	3e6ZOQm˚N؃wRVN6D\\T;O2X5gfG\'A~MkN/t1Ȉû~\0hɧD\\|ᡬk5nh^ڬ@ܑQ.͚o7xMD8fŸN=<Ty52ƴ+fk5fY{3YVsɏ3?F2rTt6>\\/CiD~LCB4#B5V[u\\IOA59Hۀ7\0IR\\; fzcgcDLqΜlk5fYk5fjm$88ѻQmƈ<4y~˷? tЍК\'ĠRJPkD.@ҡHh#M ڙ\0DnպV[unk4Ϸ5M?qL4nԺnE>k ZVKs54?4a\rcѕZP-\\jIvNZlEnڰ	\\ґM[Sfh[ߘ<\0unպVYE&(UqP25\0\ZHE3I2Ylv\Z0Ǝj9֣8\ntVߘMS\rE^\\Yg@x8h1Į%oVYh5Tr2EٛS`[+ƊFb#I1&(Vg\'@0h:tj=(4Ҧ4uD(Pz!_4\0(Ui$e<悥85)46=Gj 1\0t@4+@\r@jP\rfhE`5QlFK0\Z44h4\0\0C$Vݨu\n??\':^5\r*JiR)zPNt)WJLI VȤ)?Rn\0ɔ\ZEE\r\ZFXPazhvݖtGcif49\ZVLZjUshv/O\Zr҄(\ZkrP$40H\rk}ڂBoDФ\n$be QY((\nBA\\0W(	[+embb,GJ+,U*)b,mDP\nE-F`Lђ\n2ABW+\\*\rh\ZP\n\0(\0PV@b+[hXV+#YXV+V+\Z\Z5\ZCC`PvC\0S\0	\0\0!1\"AQ2aq #0BPRr3bs@Sc$4Ct%`dp\0\0?\0\0R4&V0@Psj·0Qgj^##HQH@,ǿoG08\rb8YxN:q\n=Ϫ>V̅r%Lݿ8T7f*si\rfkeM#:B,ޖ\r&Rd` df\063C{lKC:*G\0Ld<*f$# \r[Zݱj1	S,|*+vFܲ2\0YUQc\0vv&32\n~_n\"?pK.\'\0\rooոu,rp-眎!7P&6gĶrjX?V9făZ1_4I5i\"?<\\\"1ƼrH9sHp GY4gUÎIЯ\'^?0C`$#=Ob%7>;^+ޔ8={Ec8$ݻj \ZfbInrJ&d-([2ٮ8wgmx3+{_Ki-Z	H M<&r<9>)tm`1:A+@G.gdV\\?qu\roVN9b#F+ԥك?Y#[(WQ,]/77qkmhB,o]+gƫVX5Y;C#L\\|`b#~ckdϓV8Mx䍺ʞÎʲ0^8ΟG/)u+r\0\r\'`:Lo4GX\0LdlHX{F%C&5W0QL$m*P>Pp+]ogUU2HSQy>ёק^]c?K5RmE9F>S7}= dd8la8]RA86W\\XCReao=[CoX:LqKJ2dNVxA:-~֫COq~#{2G-iG\'E<3Ci* V,OΕ2`ECk{&ܕ\0F~%\"TվNyձ\r:aWV.JIi\0.\rGg{ƞi]@+jC3tѡVwmV_̍tᙤ:uʫleM*D XTϒCrAc+\'\0\0+[9@CY0\"N<;995\r߾% 46eEa8ʤr>)zdJU\r؝nL1հywT>&GH!0Ҫrzު+up7_!r1mpr`2<#h[HV%Y$P|{WRG#ʺyT:_#Vwd\0h\\8X,PLI~+*jK;~:ć䅵#Ru&Ghⵤ˸=gW҃1{V\\yVuT۬H}$֗usθΐ䈛{,]6Tnd@f V;yT}MBy=p!HwS8FV;$rl0=h_oگ\0ZY@	ve=q=̐,V+1#եxlc謚!MǜSk=p$I[ :>tGe<Bi\'#yUcmL2VpK+eVPJ}5--{+`FxDFպE([{hNM(m>cAtDH%b-˃ڋ9$΃mkub=c\rAMKvW!c2p^Y\',ІF%KQ\\k)K(eXYpŵ{K[U~kIBEl\ZkBFFLH:d@{֍R{jngz-.פ[xz쁆|\0]P[\\,\nkXZ@\Za0+c9XʊF?.F1V<E\0n2uUDslI>E\\t`Ц5=UH8Qiy]2.e+ԱLc[PM^#ZR8wa,IOP]&xnfM_y =ǱPti]GxFY`#E1WCV9Nޖ>O|FtDK= yyUݏRwLLidg:5w⸿cIw\'Xs,\"B\rH\"gU_!^{{C\"9w8|T+*N koʏڲyC\r<7Pj(u0q\rb*l!`w_^0k|f9K5,T3®w̮QK\ZNk#Vw5Ld*w0552F4VAUіHz|uv\ZQ\ZM$:t/<E:Ǔ#\\Is\'I\"2fU$.T*Ȳ,EG[TU4~mz^Xʲqq3\"3W0\\p8bvfHDc*\06S<|6m/q\"SĞ-ݲ]Gi!Ч[ۿMZ2a$Q~=k[$썇xl)$1F\"1oE^lǤ?ք~8\'t\rhnͤ\\!$mņ{nq%0I:iϗ;*tNsG[:Y>:{^t2KLZaqո1mOqK!|h<?MoO9Ҥr\0:5^`%!~#b<dtiB\0ەZ{=o%\"\'l j,\\j+j 6Jzڒ.ƂqفFPtwSE@$uXdUc8ou\nHօ.Q5%(es)|\0Ktڭʚ9PDe`{;oL\riS4ǫ2&\"j+WFUPx?\\SYD\'t@:Wȇ(/9aF.$PǿHyq\ZǟʱK46Lo&\\Gr,-,rk&Fbf*q{,kiVN20`yR}[i	\"cF\Zǐ\0dEHpE`>G&IrPk\\\"m3Ft\rTJ:}jn3ru՚b>QW\0z_yF.ICmʱ\0\0h{ؕsr2FqPZUô(I8e\rܷFx.Ȫ)|܏@UpCH69O\'Rn$[f^4yH}ƽt|!q5\'>^oaR	p5wk+xĥA49sh(|sF+n/fOqYG0\\,̇d`}\\p/7	-1MpUG*kZH^&#EG}Fo\">4Z\"ސBw/5v	dl\\*\\hFʬnfV䮥86jG\\P6Ro)u,Iv|4FUnFT}5_JZA60\Z=ύ1<c<l7F*P1+)\Z+`eȓSj`\0k.6j7nÕe\0TIn̫,*1ȧ{t,t+rKr4^Y\"xXu];}{E@qM#6?*?.T{<KВ2Jj;io յm؅ÿj\"KꢂIP;.Jul}rK(\'*+HDJo\'E8r	(H[sCҋ޻*(.#q5\r^e\'U<\ZP2.\0c\'5wVՈ\'&#$gdl}Ʀ2U;mjIfcӍ8jIrC.ڃݔRiZ<u2uv<Eϒwsiv;\r\Z;ʳ,J;r*+y\0ӱ^VH\ntkF\rf#_F.\00\r(;ԑIJ$jua=_K~uaύ;;R\0W{+B&<}.XNʣ#|^B+`\'(w:{V?LB\0\0$Eq	c[	&ӻJޤ+\"(tp\'5ĉKHT}8\rR;^?&,vb9ە\0jٽ8ǹ.//-r;tY~z0N`yyn+˝Ц<_jX7RC*\\Qq\0=\0KvyTc5\ZI1Q@QH#dM	#.@\0uCh@m``	ؕ>5MnG,Ru\\\rt7q*	#\r>n*Y*JQcU\"J]\\0܌ҭQpc~zMI\rRIָ;R1až3W#51dY	\\h*Aiop7 s\'\0U^m}jYZe)kDC>qc`60~1RaږKDve;:7u48\\zzN5k\'q=Vq]x!!s)?	ڿ5-Kvu`1K@l\0H9+Nxg^ & BlO5GaSBq\Z!%*\r@_֓,2 kv9V\r#FC)\"vR\nb0a5%axs8P\\c@q-M)	sd6\nTO\r(-2)CZNGRb:Fޢlq\0Ut$\0(֍IW]yƧأ>O\'R3|ԷdBYݹG-ȝ|ǲ=-=H\n[hE#?jq3EO\"0j<DFs jY+X.ՠY\'sQEilm8`~0uKu|C\0vw*{KPd)-u(pvI5tYb>!;946G\Zb\0ujR{஖!3⎌\rxxWfWD6ue,7Z%0prN/\\$6KE\'^Vq`NafGޖGJ(ը=*p{gr~_\Zh\0Ƶcʥ`9ܪ=&S{_eQrtjXnJ0nSY15,WQJ\rU[j:zRC+#wajY`}-eۭG<RI\\{欿8\ZG;B|2ɫqOwF7ϤSmKcj&a	lyq#K@:m |䖑?\0:,f>SG9U\":[َ-f˃,M*Z1[!^摉=p$[fyIM]~\0\r$l/e*61,IZ+yFW*\rʊkYߦƧ(cn;k[\Ze?;Wkd,FXGmq3,K˛Es9xݶȕ戮+PìQ}q!rq,\Z@&L6MB4+I\r±QV\nbFxq#bP*J>Kxs#)T<hx	,zY̜NX,ҢȤG6hwSp;4l4sA>jIW|6;YeC1gUp9\"N2$\rT2N5N\0H\\5\\\"{(}Y\0v\0zJ6\rrFF>31覺P6y>QRM,$^61DEL;\0FH[$\rɆU+#Xn\nF`Β5\rjFէg\\XĢU`:LvcJSK23gWj\\IdteX_g&;Z1\00PG.,%l%7!q!oqoiLGMZGv<*&Ӈ[Vo\ZGf%]p&|Ҁ!8\0-\0	k#\\>_s_	%h|1HB$>hX߬ʺIȧP%}\'d\ZyԒAZ[ƍ`x5NApFuY9\'MIosn2ϒZ6^ztsF;q$nU-eacQ:[3[[aթ	%&XvmW7$qN;^19&cV?\n5mL\\4S\raeBxqV6|ܥ̅I^!ld\0*׆&k&͕[[,e5={KN\rđ-DWiԫfW\ZCc7M.P3=IQ\0\nWZ%ݯOѠu>SZgAnnsa3wS=]d&8B`9a\ZP5G|C+gaɀ#V\0t:83bG#lҽlt;I\Zv-0e\'^ilb8L2$mZژ:J18:@oMt*H.F@莙\'lFe#V\04Ѹ\r*(a*70\"%9jVՄd*	dHև[O\0p^))?8s\08_;WͬFgV7(-5paݘ+6/#O+7IHpw;cݴ7DW	\0X\r\"[p7pF],s5o\Z6>)8}xמd(\\WVQ\0:\0ˎ1WCJ&.^P@m8`W87\r@<qH+tQHVϞd޴[! _Ν.pFȸ)W AϒOomك+L,Ku2j㳖\nڹoR\\5K)&L\rIpt	_-W\\.>Zwu`w8֩V&\r^Ƞ(iB;ާc)\'(XMk\Z&U,|Sz(Ӵyi!r\"N)um?.\0\\<dMj*\0iF]GVZ+rUeQ9K\0^#HuuF1j[d6/.mHmWCj!26A\Zq	lfNysL@:|dVH\rEnHNKZÓqhyPEA\0 \'zp]:YZ2-NFKs2/HbtP#rz,\n^u: \0,t.q>rϖd|RC{l(\'XyGqnL:ǫ ⎁i*2N\0ҠdỢs=۳TQG)hx/ I[@cOʁW	#WҤ\\BgqFte$Pz_QH$3iV4VۖԽUbP_\"1VCSo~Zv>?KąjIp2jVNӣbd;i0a! \0QNh2[Q>aA)i|¸QG.3R˟ʇ\Z>KC|o,kp*1ݑ#n>T?C\\?25<g)_X<HY\r⑺li|i Z@6^S˳K9*phLJ6:C7TԠ\0PHQt;-,;wNC4w*$]ם?t^Nx\ZA=bG.-+[K4*Opʪ>Yc*<hKCpؾ#bg?HŒxa>JÞu}_\n3Hr*Yu(6n_YMIq$\nӓyi^cFDؾjǮg%bT6ܖV*kmq>~\Z餇)P5CH-U;E<Fd.D@Ž,J&\0 و;Ꮢtc/\"ϡ#@͏孁vN3/F8:w\\[~kF/Ou\'ި.3+t%xGC!\"_h-Dr]$҂r\\raߛhv~tsg\r!祅(Xߡ\'LTϊFhlM6WL&`[1մgb\"̠U:*m1?-j\\*/4y\'FRK\'6E>ہKB>- }U)9g9GAdvFA:g,g:SF|ᐁ\r>JwGT{B)%ebbUm@fγX^f7:W#+gĪBqRH\ZvJT꫑x\"ӟ%X`P~Z]A(nmQy#+o~+~TqTX[uax&\'ZQd65sjΤ`aƓߑRk]˜sTeYd~`\nE\Z 9孿:1M\Zj\rq~wSGwleC\"&ۑ$@D.F2rsx\nĿͫh]BV5_P-m_rKԕF`s\'\0\nX{K\"HG~PfE9upA@(xw,Q,G@~}Y5.??\r\0tSlI\'\'0dˑ$yk3Dprc%OW\0154]JR1Pw;	]Hlf;H*9\0VZxSIp{gmd)>]jkV5\n}y}l(Ꮦ?aFO\Z4֎[AqQ1=\0]Jߨc-h#Wo[mVb\ZbHc@q;H/3*_tk\0l6c/{]\0r5G\";q7\"(E~نVh2<:bЏ*kdo\0>>q֚?XF6ʁ1i%c=;P*\0ن%rڋ>|[<l{yj8ŤGuz32&-:X .09.âbD^M=؍5dFa֞?{$o}\nѣ\\o~YT~d7ecw9+`z\n>>Ky*/>\0V@-gDaI%anji<te63]qvcR3BYI	;P,FǨSm?ufKH΢8g$2J#Osk)xr;FOn<a@\r679ῊW8&?:yt}[_Z \Zy,RHj[.\ZT:ZS7u\':P&goҒİ!3,x,$Hxq^ؔk5âWWQ}彜fYP#eCz9vcڣ_o2?t\0VN}9\Zk\0MpR)ay;\\\0\Z\\,gbG+YJ~^?ڭ_E$ѣ^|Ӓ>#*ٚ_obQQF>b*BPã)*xd`GՏ덏⫶Vg?SO+ aʔyEq\0tgږp(7w$~]?h\"}h}jEݑ^q9*řZJ&etπf`UDWG\\+-O|J;DT_d}#}}	%El,XͪK\04`9c]p>tF`zKig}T;?\0\Z?\ZQ#/\0|}Y?AOz\0گ\0H_T*~V#!Յϰ|+^a&{XWWeZx\0TzKHc$pط(Ո︋>쏤ejdh^aUqq{\"{Xm7T|W1W8,:eZ0KFOv4\nf\rdTSY?k\'d[0\'\0\ZyMzj0HsN~{G˟#S\0^G-]Z,@d5hQA\r2\ZY	y:25xGF?bb>f,Kp`u8sEOڑRqr}xqE!xg/Yq/`W/}q+TyaQ\Z]H㸶Cfν5(BW\r=l>]{i|qGF{%ˇp}\ZZqu\0IC$v\n{p\0}#\"/6Rz9svޭ_zMgvgIHI\Zn%d:i\00DNjރ_Ӄݣ?dZY[[K5Sn\\\0}5<޸}1[D4<y\Z˿_m/?\0ѯt?rXo(T\rpط(\0y>gZEC52IcSJYJ>H(oXπK5Ok.yeYzl:Z40a&x:O,QvTؾXqK(]J?gzhzP}>+cfJӲrKJѵ\n$Ԉ*\0y<W{1׺?Zuγtjq\08Ǘ\0ш\n\0E\Zc\\MF?U}I@{OGդzH1Me`\0YY:uug%fhI\\U3Mm0d\ZmnB!G{@CƟK9D%#1!ro$Lb#X@mzx\nLu\'\'WP{~^oGQ=OL|F\03NT\0<@\n\0E\Z=Q#w;<Ia?<WG:X	h8⁝Y]!OYjh~x~( =]m-讓$#HLw20&5<YZŲ&:=m{(s1F||/7ԇ\'?hѩ\'1qipn`fFeɦ	k-_QG!r/aFX_҉)ɤn8N6v2ŸG\ZBS\'@VD>gV?=5p\'\'W_djsȎ3AU@@7$\n	\n )=\0l&\"UɍO}	P9E$6qDDмDztv<gF>r??\\u\r\Z4hIu]IXo4kKY<}i\"?[OZ(bʰ<}jbYI\ZCJ<+5\0b?S+x/HϾ !e }ĘNnu#Qݘ$g`ubz}yg(*y\r*01}5}~WS9ȉ7ǓSOJǷ]_~gx~G~\0>[4>aO+FEs2ϥ\0Ĭҽ3I_\\+[Ɠ.h̺;\0jcvg=m,!˫`4R*2;޸e2ҏטc{/ԷHi{*\r_7\0l1G~\05fZ-0JwYޅq?ùWیH󱴝~!Y#=U|S|Q7oǸQXw+w5g$Ǒd:>rmXQ9ov~t}\0{jSx8gSWvm9ڸ=\0w6%WtW:I^gdJx7mN-Mi%kdv r~?n+,8T2СKx%xd\\\\hʰuH;m˛g%kI\\KS扗mc[[@/<-$RK!neXn<60nsA~\r\ZqAzRQ\ZsbRw+Ǘ7VѼhs}׶Yaonijy{W#Z>$hn uPVcS^pkǮc1M`4utbB>v*ܻĞn:+<qZq972YzXή,M5̒OIat ҙ!ϝZXL<y-DcշC$֐SBNŴB=iDA\0\'R,V+}=W$yUV\ZuTUꔌT|Gd<VQ\n1Ʋ;?uZG꧷?fa ??\Z4~\0$P,@1VI4q\\IO,q`\'0}&GuB\\<ySLȑFW\'اx ujT!G,\r7G{nisc\nXYDED:cW`r΄i{nNT$XƯqI3+A\r-^}\0oeF>PcF^kne|=ws=ŷcnʒp6ȚėRv#3&bm4q	w,\Z˄Fքѥyin\Z=?!\ZdoPkko{Ð/sƳkXr{hOL[0aS#\ZTvUϾ\rٕ˛B	$Fp.9|\0At4$7K*n\0|2<p\\C[x唡Y_ǔE \'Nݽ[K{y BIĺƹ;粖6-A`FH*l\"C=;GSە{m渋v~<U6NNq,J	tz.|7(V8ǐzZ	yGz7Wq#Q@,y\0{N;K{f2Ǚ47P@	\0dU%GJHO/Uid\nywn$EL)#<UTA#(]QoM+I-b۱;·Ы!4Т;\rpˬ\")>G?]L0QRorH\0Dǥ؞@bd՜juH,ė<k8:LF#2j>`k>\'6&gO{PG].+z7=\rv\Z\0)@pd  N}q,:yUԆ(xE@;z\'!ﶷ&1[&AZ/#Efb\0rjq#E)xcxq/\r[zBKk~qJ~pjIW3uIcRw5	d:]2cvNSwn\n܀\n3Qz8B_}]7I1i(X\r#amRH!h{RRT;սO\n4~\0CxxCִ\nusU_SuuǦs\"Ȝ86\ZQc/[F#K&9N.nn_ԏRyP{~]WO֘\Z4|(|	{QvvIe=⇁ew2J}bx\\#ȾNVgbT\rۇq{d7XH	x^Q(\0þþmV>zhPuqvCZ4h[x䁨NVyr`\0_DݒZ2xn}\\6\\Yg<±M{Y:[yyѱO1ʿ.̉$#,.±!}7C6s@T(T͏\Z^~`>\\{SO@ib}!fVQ.׺>XO~to7[\'ePlL(^O%ÈK#*o\"aDGs\ns|eOGi[\ZmDJHg1g>\rt?]:L\0M/A\\-ݮpG&^^襾ᓉ>0RD{\"\ZBc7T|\\;\09/VcKz\nD\0\"~~4Cqtg6[$LgRwndt62;ra4=sΟ墶:?=I1\n޼ѩ[=4\0k-1 \"D\r;sfhPHwKo e̾xI4K>o%̞$1)f8vi;WA4\"DA.>k:e3XB=z\0=\0\0)5\Z?|\'H\'{d\"	\"BIn4LQN>	=86A8M^Z	[Ǟ<^pG:LT*$hU2j_K9\ZN{gZdFzC?B\05\Z4~\08H})Ƭ@ҋtF?VSүpe/4%ݽEn K!tVQkcŖa1C]yS5˴叄P6)-\0Q/,V\rQOt\n@f\\bdQ\\~\ZfofV\n34X{+KypJ6#oſi?JZE.>\'?ˊ.ћށW}Pp7H!\\(%,p([%B$VW9|46Q|2(:w6EYp4^h^wjYF%%)P|ĸs=[\\p cb\0n:LaL[t,C$1.\rQ7doB,al?[G<Z),cij8XUw^-,l}-$mF:A۰\n[{%9n\'p,ҭuYlk@E\rKviz%UܨeW<Jr1^A~?>Ѯd\0S\r\rho{Fe:x<C޾?lWy\"ILgK\0G\ZoXpԗws/yՁР#s\\׎ypD_+ArYcI)o6wp~#--=!^\\o^N=}EYZL*6LjZGse)I\'+%\nhUTUl2YU߬z6Qv\najύ\0\0QFHeCWSa樮{|_\0[AO\"Yj+)/^RܿHJˇ[pg3ۤr<ąTGgw񥑋1s8SpiVgCbR@yCXjRA#n{V#d6jH8Ր:cyzO\"cGe9i>X j7j|9Hbyyyzͼnl516uVå~_+cΏ>o}ѯɏ\ZM6|`te]_٨xy|\rmK4\\:~R=B~L}ι?:.Bu}\r⚒W;G4mVS\r\nSq;E-khN`>ʸR;..%pHpN5;®ܟ}\nh%̲:)LA&.cB:e $$ay\rCEr+ʸ)%\n0` (\nL>A1[>*ꌱTs$\0ÜbT4\0~\03Auι:\\7~o\"_ʋeYG>@f<(\Z)I褍`@|\"\0鹤DmzcH5bs{n$1OU;Y_JeܒYڒS,ݽwKX;7wfܮ,fP22nG#>q\\p@Ҽ\\r.\0m$$n;x@CМsuΤ@f%lleV؍;G}\r\"8ǝ ;ɮI{Oy+C*rʣ,~p1tS/y׍ArUʹxDVf6gmCìcOi\'r~P}~ne5BMuPON֘T-,vJ?b9PڹQ͛o/t?I+[z\n8TȜy3Z/`{w_kb\rlEn@Ŗ4<ZGR BēbwzK{X4@U\0U@>T}ʹW*\\ucHv+ǪD=U!яU~zc%x[ xyW* =ǛOr5[Aډ\"=>R{oT\r	A4=(13}?,>\\rrUʹW*\\rUʹ}>v}?\0M\0\0\0\0\0\0!1AQ \"0@Raqrs#24Bbc$%35PCp\0?\0\0:-XMk3e@]c8<F+ȡҦ	\rҡ4J\n͠?M{Y\rDep m7WQסy#6!3DF8d$餈I_\\bJ}QN\\$}JТvRJ}\'P:MM\\]!+Y\'gyX3[ ;QGL%.rUQ\n\0ӓ.	R9ƵF#AƓQ&uYJZWҩ֍VX6Q\0$w`T	fDC3IϓTĴd*G9AP@ bZBYwQei־,t\nTu;֮ߴA6UYǺ)OHpd$<l 	0PK-F1o\nU*۫~\rvU(4S\\9=+N=s[0A%H(Hqn+OVth#L]RO[\\^\0HҡL\Z> m#JhX|~z?5cOV´efRƐ)޺OĔpR#|G}0d_oh?hOK-v8P2))hkpRi9ݞ`q*δ	\0=>GKIk6[Z$Cs-FQ8\0s:E0YR}U.naY/0h}gt\06E}F*+48ne8B\'Vs)0iR4ݭextJΒ>(p0W1#|v:\r\nsnkJtj0/eH3[^	ձ\'B*Y4ph@޳=%T(p\nk91\"σcWPA;6ʒ	q*B%-鑤̩rmAi|4qN2*x\'һT(Ay?45_=:/T1$T3!	}*Q(JGhUj\'GqÅFUdˊ\0$(\r8	Z \\l>n5uW(N{GG\0isHX&H+C.zU[_.{ܴ@H<GvOltڴ`RƮWQ]bn6Nv4%\Z]нA\'n5ӾyGZ%ӴV~-8i+<Tjr]!ĘhfBzJСV2G%&@N,Qʩ4`{4vv\rA\n@kY\0^I]WjArF	BzSˋNeҡ]*O>\0{K֖}M\nC0̄hk8&%xܝ@-̖1\"B%y5JF!pK`A4Їy#g*aWF\0\rպf.!9X0aüa_\0Տg]Ubn#:$VuvQW%6\n9FadYa6!=^\"-٢\rZa=?˾=\ZdIOdH{짾w iVX֌GliN!źk(W.)\nJdRAd#*\Z!J\n6RNtuࡐTRdBRb2)ȧ\"FD*U-ꕌ*}Oc\'\nC@qѧtڭ\0eu0}זh7V5\'w~iqrZ\0̐\'-]:hP֒M\nFeCVR\"@-M\"e\n	eewL}4IV=I_Ec|Р|K++BTT\Z9J8!D\n(\0\nA]vbM<;ZKC)ŮcTV\0R	RG:pItX?ҭ!% d@ʋBVhdJwTu6M8H	bF.7!֊P( LyWݐSغ\" )m\'d/xmދ:N<7\\SwX?$GhZ	iS$X\\hn[@+[B4z鲩O,D/,DEF-(}Ϳԝul\'yݘI\0Z|Elr\\\0ˮ\\K*A4z)ʴHd\0@R\\RT!kOV\"#:}<?-ښu!HXx1\n(Xx1PN[4fdy>U(;TO0ua)ݑ$sI#c]73&\'Πn~ҵxپT3o	:5֡d\rBH)?]mMM+\'Z0ϟ\'CyAqu@JS+r@$CcIʮ~B,`дܴ+|d4/Vз8cP1-˲E\r~rbsX?a*?Ma#w] _M`}@&9\0<\0\n\0\0\0\0\0\0!12q 0@AQa\"34Pr$R#bBp\0?\0\0sL#.:bctr\nxDᴋb½1	Jtd0Rh1ֺ:fjB(4K=CQPPr*wy|!-Gړ[c	i0UY`i_\'ߎTRf$:\rvlA-÷:CTvR7̟JX=!wՉXq/tQxc]t\ZJ]bv=|Cu]o\0%iiڬRa.4\0#4{ENz<}XR@g|=xapAw@V\'icb<tY׵o=lIAZ+&ްDFO,0f\"dÉOYC9P\nq;K>bq^:6E:Q2Μ5ZDt.1i\nq;KwӈhxFcO̯L_|¯vN\"dN:\rH]cO̮\r_|^=aVvhYQ@	$¯u$| þ C16v`GlMi*\n㨣?Y2%!P~TwA>~ČYDc~\"\rj`壉9WQG	e^Q8bknӄ<墦rRǻm&-;[mS\'0aTP4\0G3HJBFxɵZϛC)\"bk\n8L8_\nTI\"(7\ZlD@	_O)H(&fpFTGUU	JɲBL?)j)kݞ>M^8\nPW\nA&!\nJfGOw{z5{(nfma!@B`Pԉ9UP7=;%E$)&DB)#$yV!tKVr%PrӁyN=iJ<pO}$Zp=-OM_IM<JTRB@E\0NI&BE`f+\rp1FrkOH[#4v[$Mfq7Z;'),(2,'Pack crema y perfume','crema y perfume exclusivo',25300.00,'2016-08-17 08:21:25','2016-08-17 08:21:25','1','RIFF\"%\0\0WEBPVP8 %\0\0\0*X>Q(F\n	gKtum$Aۦן}{,L*ߧͯ8iq{1kWo^yڤ}hgk]3fo>m_4}jz%<89W\\]Yt;ތSJAK,םM\Z={EAMjhQbm^C|/aS\'/H {k5@H~a3z7ӫׁGe-yhW̳K:C)qFЀBA|*K<jBn^$zCMG8:Lozc5*0%ነQP#>QJ%81>ę\0Y9)}Z`:y/\'hh\ZG*UX\"Vw}-ߪ<^z@\'r䓓#k>ҀIս|l,Z怊&\Z_g\ZJTu\\4_|]@ufnC=0HDeӭ\"r㹜\\[Pocd,?-AO 5xtycj30/[ܻSPHg6YX3?_aB8yS@/=BfZ> *i(_Q\'Uwe>魈1MZуg҃Q5~Q+ \"}(7	\'*ժ#NFr.-=ml\'̼YжJ\"[_\ne+f~yr~L\n\0?܂yJs-B+#-T܇z,ʀ6]!/6>kTL0ٴ>GdBӌUSp΃(JR\ZSgqJ6Ǎaק=Tu<5\'m(ѕP%FW\'2\r2Ka3A\rG	\r\Zm~<J統øH	j̙=yljFGNH5	-9,\r<FymT6uz|C1.E	mN_wD`Yqy-1B3Ζ=ȺxZCy>yL׷۩?rфmv\\6b+xn=A_l>x\rc\ZFh-FhQd<F 鮪q*2LS0T[3\0s=wl-/]\Z?B):Ro|TlzMf;R#VrE⣙㩣C$5ZE|A`ZjM;a(Qi7SSVBkɉw1#[>xᰯC$@׎F<!<΍GGz[5hzV˓%Xyӝ;2\\RKrLDdD>f$%:(%>ge$q@Q]|=GЋm$(đbbeL$8S,TY4τqFJ#ڬqYE=.\r|{$N\0I)\Z/Rȓ{Eh7P,lǨ%xL90N!|HY`s$?fsBvK #Ųd\\]E:(/R*aFh($7%eIX\0\0%&S[dwr?L2jSi\0\\2=bKmv)q%F	\Zm<-lKt]=ϊ|5E\\HƁK,~sG?>0y5@T1ϰC0`4tGcjxz\08]\\j%>[tмJ8ƽϻ-|w(%&cR.\0$aBhWx#b7l(K=\'5tÙo;z9ۆ^yэ[XyܓvaQ+nv B!X.u)|Y.|&(VIoS\"m}}ޕv5܌:1R\r)Oe\0jP+Z/WK:~eQbK\"A$2v/}W(_gFE@RQ\Zk\0w~4|8̏˷.Cw\'naףHc?N@\npZBc,əB7@<Ӓeݼ$$-ǫt`_\' <&U0\Z	cWL8pG%EOK(YU\n?iRĘ=/^N]q$~!{45Dd<sEj6f$]g,v3ueДmɿ*T|&}{sV9J\Z3qU,:5??wI[/e&cx0*\r=SJe=?)2,<ή_NS7#MjK{<h{/\nFO#P5܇xI\"Ʒ;C!cM[̀hJ|蚢U^Tk;UOHI!ms-S\r>J?sot/g@,nz?]1g31w	1mE\nABm8\'ariʹFY]2\" 5F54.,3Ak:朷zəĔUsF#}/~a\\y FЍY;i*GuFcrL-M_ȣv|#yz//Ւ^YNdחaIlR;Bߍ(@w*PnwF]u4^4`ma_H#[{5k\"29ۖPZn_6K\ZIϣu2w\'EMeb86^NI[\nҳQH*$5wniT0nw8{f{| v_ojT\n\\Y#aB<\\Nݾ\"jC96t `*[WY|sbx؆ߦqn\\*1@3!d*ʲz;ysb;Wɋd#n)Fbs86\\f3\"]qUIV\'3Ӝ<D6z?cbK]~&qulǢY\Z!,**MyQ6s	.Ns3(%L}2jIo^$M4)L -\r޽k)StbtEbaG`>kisN)\0ϒkעC\n갋#86;Zrgv$-i;\Z%2F`rٮOO⃛Es50lIea/7/Sd1YH0ѱ.	5-iGE8Vq&n@[ɫCj9̉F\n1y1\"8\">.p:mw~);\'/-s_E:?SZqLq$a\rf;i>B;\Z2\Zy(uM6&oݒ\"RS9JA3w\ZHp4/Q){?c&iՋ5vyWϯHzd\Z̫\nI*JR8,كցDU7uR\'C*g	B	>Up)(X߾\"]Is ? =P|2gTݶt)+1ÞJ%Fve*vMMfFRS6v.V AdTwO:>BDymZdl?|рBo5ϫKHpƴW毺9,Yd^.)v#|Tb,:RJ0]u3$KQYaB$LRKt!R|`B\ZGFl!Zw0~= 5!tj1(De酐&-{G!b=6VrPCEhKpzTcZZf\0e1_Η@	a=s66S\n	y)PＡ1nSt b=\"$71*x:x\0k^\"?tZiI\'\r~r9e\rMAd-(s2a.y(\0{7%{oіSR+v	\Zu5oBA*T绾ŋg{\n\"mx_\r<Rw#8X/C\"0-5ئͼ6#J%¤>+_伌sM cqvCwۏ9]A%oS)j?!g[jEzsmtqD|2ټ-Ӫ,ұEڸ\0hl}BؑYY-.nӑ1Ib.\\c4d} #EgSg\"hYs4ip\Zo\Z8t7EWL2rV\'_83\'$6цB$.%O?0c@SGi0F5V%Eev	\\;;\rb|{6S\'6u*/lΊz>:u)ΗUL0F#{}j<T踽s(Dqt?-[Rո}&D]vߵ3G:n5_J7K\'Os-,.7Xyƻ9R(mSἷ2Ԋk%ejjf|HD&EaT<Uݷb0o9-}&+Ƕ%Wъv\"фE?oY(\Z:U	Ka2;rsU/\01͆/Em0j\'C~_)\\Q!5늃L%jEy+	A`oжęe. |WJ+Jnb`@=ª\"pw$v{zqK,Hk}[KA1o8Mdq(I\06TAחLQ_w_`пz-|\0\\ElgjDqZP[4u:_M{IܓK6;)cʇ|CmjxGd}pd 8,n(cUy^yoԢ^T	SG\rG[x*\n羆䓥L\Z(ov+O!&Xf4t6y?\'}\\vПgz/ 8ɫ;m\'Q(nAҖ@ѰLh\'\'%fov΍\Z;r15媣ӣ~zZ0=(jC%{kGgPN}Ϡum2)s,}cF\'Tc$uw3z\0]¥5-2mf(ŇZ޹+iO!\0~=2u[q\nz5X:\'K/$\"8Uȯa=i~/wSQ$_7gnPH_\';\nٳj)FҐiZ5l`-3\nv`j^Xk@+(@Mh*erK:N1.a\Zy:h/%<2o^.jPh+LP񴈞=ObǠ,FK37:OO ~5KA]Z\nWWWU@n@ !C:Z\'ul.zv8xsI^\'/ŧJ		TJpW7Nך_D/R^{MUO-Q׎3đ	l,hEw\nܮ@1\rf=]AJkwY릎ݧ-i!CcVy$^1*.xyʋ`^AS11/~̿+zto$J2z,ȥG	]hX;4.30V:u1~\"D^1&*m>^.Y;]$uL^\r\0U|CűElN\'s*AmRGevʧX<Ъ8IelkoD5ˋ=}VsnBkW\ZnEܱ+=\Z\Z<ԥV1`g:M$\'k9\0Sؑ5}KQy}N3M6doroo\Z3*?Y\Z鉭ߝNH/\ZPy\rEߙjzs=PK)XlzwH.ħGT\r=mfkSuK=˥s1ogH_^2ixYU7g7OEq|sAlJC:_jM\\ C|oBzE*cNrvS?\Z*M*鰽P}\"}\ZIszC؊\'+&vfr/˛tX/NNRu=g>\'3Ogs>Qǻɨ%JM[=܆\0tHE;^]%8^;\0\0ͺu\'{ti#4m֣9Ζ)*	JA(Qr$r8.ٝT$%.-!י<+3Sb-D1v}y븡g*Woڑ`KÔF|5BZ̾siÛ\'֝5lBSPg+٧̎EgE5NWRUw\"yۻ;î] X&J4\\KgS,*uAֽݠw;\'zcxP@ɲӛy1	\\bjnDc%XqS\ZWJtC\nr\"Dؑjf\\a&ҩUO#斲K3/Ǒ4i|?r4Kz(Ǥ;0wz4;_[aRiH_߷t|77^n]3mpdnմSCQ^;)4jgi[O<Q$\Z1e[\nxJ\0@IԐ)׎sLN<&a຾jb\':#F6HUBFMM>7s-EW)V~;3ZjSu:þc{`ꯗ~ 7p@:.x$CAaS \0ntێZ-fS]0UNZu+7L(\'zoA>57Duܦ#e	yZQhn\0Qu1rHOo#(!JJvL:duSaYj\'xHvV;N\')VkbT~q`5ak+W#N-眲HСR)OhfH\'<)\01좪߹z&싣rɂB%KQ^#!14L!0l>FB~Id%\\yKzWo[*?OHռv^~̥wW}CJh>`Tp-\nkqI (]E2PCv&O	{eWfmR(-r㽦rҧDc>SO$&Jn_얞\n!uhkqi\"FF\'UBtNCZP.B:$؛@ipf<;?|0mA=_LXZ,:Q!O;a;fԺ\'0{4I7iˣ+r\ZMMNDgRߍM@پA?>W1eM\"EEXymQ?+xc}>C\0^1d;Isx0!Z@ݖ\n$jwą}ѻ~^oW۲vW(6ake&	\0CƜ3{&ڍ2PZlfN^P{PҠ}<A\Z׼WvA\0ߛ>9/[Y\'_;Jewh\r#b\\={c4Z9U>NvQy{WZa/q)!PoF)zO~a}˷bD2m/깈]AD%4kGJ?o\"/7\ruێ26\ZAh\\ۭ[zLC`z<agecr$;psAs]\\k5D6%$o[MX܃)otrVlƱ\nN6m`\0O mNS~~P?mCO&?s]^vL$4*Ięe*Z\"[{%tp>c`^9*vRh]?0qv͆ɳkŜ$1/..QҳJ7QcnW9zf4T56Xz^Fjj+\ZwJtFy951w{aYh}~|Y{QIzWl#yO)\\gDӼLY}j3h+Rٔq\n pK[_2UZy	+$;b3@%yҝ ƑK͇ot\'#{qe)Rۏ0q#xJij.th`h:<ܨ]7AI$E8Uf+eɡ«g0yP?)k>sx3BƁ	DѴqDl؎8N&v]WRYi:{x5?SM_r5Al=Tp;̈xS0uJg+N9\rk=(d/O\"Hpj`OBiJ\"Wt&^۱ԪHcgyС?P74\Zz6<>V cY&KVbXE	 q4_RLm8,Jo)).\Z4̸T\"qEw3חܞ\Z~ ~sOF\ZSWҿӹi|Pvܓ_\ZhayE9bR4/u[Y_A_	]onlqVGR3yT %woqZ6«r+*\\-JӇ\\;;왙RDK;YW0@\"5۱A*D(W킟Pt2K\0s8X^I6&G}>ţs5Ox\rd4:)GU[Oki,\rsj1>HåU3OD7Ԉ̸HmwoU g[\"UΝ>Jgܼ:~iQ6,#c~M4d!YK6zXk{˦x)R\nOӀQTq`rj\n$+%$ۯӥ|+,94\0\0'),(3,'Perfume Zantorín','Perfume zantorin de 100ml',17000.00,'2016-08-17 08:21:25','2016-08-17 08:21:25','1','\0JFIF\0\0`\0`\0\0\0;CREATOR: gd-jpeg v1.0 (using IJG JPEG v62), quality = 90\n\0C\0\n\n\n\r\r\0C		\r\r\0w\0\0\0\0\0\0\0\0\0\0\0\0	\n\0\0\0\0}\0!1AQa\"q2#BR$3br	\n\Z%&\'()*456789:CDEFGHIJSTUVWXYZcdefghijstuvwxyz\0\0\0\0\0\0\0\0	\n\0\0\0w\0!1AQaq\"2B	#3Rbr\n$4%\Z&\'()*56789:CDEFGHIJSTUVWXYZcdefghijstuvwxyz\0\0\0?\0S\n\0(\0\n\0(\0\n\0(\0\n\0(\0\n\0(\0\n\0(\0\n\0(\0\n\0(\0\n\0(\0\n\0(\0\n\0(\0\n\0(\0\n\0(\0\n\0(\0\n\0(\0\n\0(\0\n\0(\0\n\0(\0\n\0(\0\n\0(\0\n\0(\0\n\0(\0\n\0(\0\n\0(\0\n\0(\0\n\0(\0\04\0f\0|iEНFJ^\0$o*|tm\0M\0p൑\"Gd\0}(澄}(n\0YZ\0˻\0*\'+o]fuy\n@y֡*)\0`d\0:\0e\0t<u ,_ٳx{\0K_+nhMbb5\06CMهscc	 \02bǅ|Mn\0Z\04*Su6gfH+a>\nۍlA2 \0z߅> xgP;cI6>I\0o\03@h\0\0\n\0(\0\n\0(\0\n\0(\0\n\0(\0\n\0(\04\0Pր\n\0(\0;%oo]0OF6#	NPii#\'RJ=JM\0L#ڀ/cj\0Asր,8\0!$4\0H;K~b0}Tܼo8e1AP\0h\0@\0\n\0(\0\n\0(\0\n\0(\0\n\0(\0\n\0(\0\n\0J\0J\0Z\0J\0(޻x@Io?KP7ĈMtq`\0*@	K\0џ)@,sҀ%y8J\0l\nz\0|@\0[t3\'pVP\0\0P@\n\0(\0\n\0(\0\n\0(\0\n\0(\0\n\0(\0\n\0J\01@\0!70kי\0-@Y̇@L)@\0hȹOj\0[\\\0=s@hiFSހG\0֠	&gc9\0\\ӇT?G_i\0O@\0P@\0\0P@\0\0P@\0\0P@\0\0P@\0\0P@\0\0P\Z\0(\0ր\n\068\0-j\0j2N-s&#X:ȃZ,\0P-\'@伷$ThsPݻ.<@KthdE\n+є\Z\0[8}o\'?~9z\0\n\0(\0\0-\0\0P@\0\0P@\0\0P@\0\0P@\0\0P@\0\0\0P@\0[Qm>&hpSA\"?+?࠿\0:$oxŠ[\\yx#{vz\0ݼ.Ch0\0\04~i~4>ggD\'~dṪ%\"\Zxv^kؤOO \'mңc:^y%~g%}{Y%svaQ1Z\0^?:\0ikC\r, Xk}%UO$i7\r٠ۏxGWb!/emB̤0x̍n\0(\0\0Z\0(\0\n\0(\0\n\0(\0\n\0(\0\n\0(\0\n\0(((\04\0\0|a\'ҾxW\r\"HᑄM}ܳjH,I\'=sހ<w\0I\0.y4~f&#H+\03$\'	f	׊\0uE\0I,Pj\0e`z.:\\ 8@p=uKoK\ṟ$I@|Gخ\0\0P\0(\0\n\0(\0\n\0(\0\n\0(\0\n\0(\0\n\0(\0\n\0(:n=pz\0D\0?\0n8nד\0J>W1`zP,mhh/nA\'	f+$w9\'*\0}\0\0lH?\0\0f\n\0:\0Z\0(\0\n\0(\0\n\0(\0\n\0(\0\n\0(\0\n\0((:\0Z\0(\0+Y{طy?Ũ/|\\O@rO\0=N\0hEխ\0U$Ƞ\n	h\0\rh\0XP\"0M\0[7P~\0N\n\0:@\0-\0\0P@\0\0P@\0\0P@\0\0P@\0\0P@\0!\n\0((hH1\0D\0~D&Kt-@ەr0ďA@	9?tlpqe(F~ZB60I#@ ?=M\0Hzt\0$J@&SҀ-ѓs\nxaz\0O	\0 _ùaf9@\0\0P\n\0(\0\n\0(\0\n\0(\0\n\0(\0\n\0(\0\n\0J\0J\0^\0PPwD.7Im<yJn	ʯ@?\r6JfZ]qǩ\0z\0弓R,|utGڔy?Z\0|:Ns.9dإP.aƀP0h巅Aqmq%ȹ@Z\0\\Ǌ\0oU[du}PjiѤК\0wXZj\Z]ӤrH\0UI\0\0~ǿ׀>Yh>9|T9yڕ	lYN@$`4Z\0Z\0J\0Q@	@@@\0\0P@\0\0P@\0\0P@\0\0P@\0\0P@\074\0P@\0r5kᏋu;	LzE$,߁\0\Zk~%֯5\rWSodcS#<}#731?1#j$뵈\0^@s\n/3=ى@u|wlv!%\0sM_U%ԯ/!!s;z.p=\0TgPx	-l\r\r?ZI;$q\0	ZOhz:N3ube]y^d\0@\0\0P\0\0\0P@\0\0P@\0\0P@\0\0P@\0\0P@\0\0Ph\0\n\07|\0z\0\0=86=hE(Dp\r	\';4\\@\0\0ϥ\0:n#?J\0ǚ\0`s4C??\0}\0>?[\0\0P@\0\0\0P@\0\0P@\0\0P@\0\0P@\0\0P@\0\0Phh\0\0@WÏ~:\0z\0#7}K@rO4\0y:`hBVP/\01>\0K?13Ҁ>%	\nF-،>\0|#\0\0P@\0\0\0P@\0\0P@\0\0P@\0\0P@\0\0P@\0\0PP@\0\0P9IЯI8`w\r\08$>7\0hԒ4;z\0l`q\0,f)\0dsstٶ~(j\n\0(\0\0\0P@\0\0P@\0\0P@\0\0P@\0\0P@\0\0P\Z\0N\0\0h\0hc4c/59<ggsf?i#\0[ɬi*w>3\"(W\0e{rF=\rO:lIW4\rԞbt8dq\0]O\rkRL|-\\^^jjv\0DtkDOJ1$3n?C@i\Z	$8G&U?l(`(afeH4\0Yf}(7kVR;xZG\'@?75φ4o⛄y#ӊign<P%\0\0\0\0P@@\0\0P@\0\0P@\0\0P@\0\0P@\0\0P@\0%\0ʀ\n\0(\0\n:gG`9cXQm֏+MML..Jc(Zu=ZcI.n$brĲ\'?\0\ZƛkO;_d\\PIѶ2)xTB9kgLIf\0c\\]\\/CBW_,uh|!I\"]*ݧ\\sUJ](^I=\ZE^\nߖ(|/¶p@<a\ZTZ\0о]DnTJO\0ր9][?\n/1;>H\'j\0_\Z\"%t/I,&\r?ĭ݁?Z\0!vhЛۀJQo3hb1q@\Zq3(+*6\0I,g!Ƞ	{P@\0\0\Z\0Z\0(\0\n\0(\0\n\0(\0\n\0(\0\n\0(\0\n\0C@\0%\0.(H#;TQp\0Z<\0teӄ47c?ZJ.ґj}<Z.\'~N	?Qן.#ˡ\0FlQMB+}_DP\n(PǦ_~2}?-\'o?f-Jit&Xj	*ȣܻsUc&y?c:	=p.gqw+ARzwgUǈ;)?	H~_k\"Lp^y+Kpѹ/B[IJ`<@{\0= {\0y}(hw\r|7=ͼwA㍭fqXvJժZ\0\r|O]>hE9jvǈX9Zo\0 Ca\0\\[zoP\rj-pvB2btK阏\nKr״;kNSPe(~|poIxz\r^&F|W{\0?O_w}ϧt}N#~JrKnI&^o\0lױ8L17~<E|dA:Z^G%p\Z9Y-nz 9W@\0P\0Z\0(\0\n\0(\0\n\0(\0\n\0(\0\n\0(\0\n\0(;PPw71YL8dS)(.i=s|o8cc?<(՛gj|`T=-H\01cWV%enΥh茶)%p?-+ʫQK*5$*ut!5,{Yejd~o+x\nw[E*ЫMЕw 5UWb5>d%\ZC\0\0\"{lW:릅-%nFZеG!F*3Ü\'[;_EzGq+\Z۲Rz~?/m*O}A\0۩1>_X[l\ZŪzC]?R\0\'DiMb&ڼR>\0\03M5kƟ#m*%篕jjd{T=<\":?ڍ	`)\0_y_fo[k*iu\'GKx4u2͟uL#SKd\'+y01#r>\r&%\'R @@O_kZ̗,xd0+c%%ts\0\n\0(\0\n\0(\0\n\0(\0\n\0(\0\n\0(\0@\rT6*(c\nM<Y1}+s/՝0s-a{Y_\'}|4INnȷ+=hdQew7~N\rgfbIa)92k6P\ZsʹPަO;TX1\r\00ކbDҎa*!7˰ 2v^XǸ4\"wHd`5dГ3|Y71j)Օ)^.ug<yŭJ<0Rg/?C;lz! A94\0\0P@\0\0P@\0\0P@\0\0P@\0\0P@\0\0Phle}d=:s,W$\\#5xÛ3,ǩ5Y;V]a\0QS:gzWI\"4ka9<r\rK\ZBQ&Xz!Ys@zUt#GE_U-\\F=F~K	&i-/ufǌ|\Z|/e΅UFP׌?Wek5\"9̼{?J[sQ=Զ\0LD$֕\0\\Ӱ9#ҷ\'sVpyzt%Iy*;Xys\\y#uQOT7ٞT͉(\'?~b9^lƽ1h\0\n\0(\0\n\0(\0\n\0(\0\n\0(\0\n\0(\r\0fxYMF|f5/YUA\Z^֥-#琟M~wp)e~	^4b׼}\\4㡮iMsaŌpj݇swO̺=;BrÅW*mn:d`;{OֲvZ\0IX1U{ 6h<_f}܍a\nJX\'nj|,vxt%Q\0	*	^U%%Ihy̻+I6t8ӥKBQ4x5w\0*dK\'EtBM;c^	Cڽ(=Q$lc$kX.G̣OĺEW+D>WĺMKs-.+RUR]N2z\n\0(\0\n\0(\0\n\0(\0\n\0(\0\n\0(\0eIL|ǩ;W3ZܱTSZkMovq_UJHJȒ@`8Z¬ Ƈ\Zɱך( \ZŕwN&n{yZq}=z8iӕѡkڲ#/&\01#soPǿc]xe,RR䴺~kZbx׋/\"J`Er@RރD}Ķ/,.Ȥmt8#յ:.h4&W5ĭ4w9\'U[R;$,?\\ָ7ӑNϠ\r	EHLLyֵ射SDERle9\0kXRl\'kՃ#e|Vv`zMe>V%.N~C\0k:9e9*-N \n\0(\0\n\0(\0\n\0(\0\n\0(\0\n\0(\0|{}ŚܱcDy^kCO*ܻu#q5iisvg<Ť\'&z$W<-++\r\0e+Y\nX3V.SSmD\r:t@$gFiUmGb,vQ[Noq\rl`OJBNjIt\0tg\\ُaǱFUq9^]?Ok}i添p#mٓɦإV~N5=t<u[j@}@cN|le+&G\'ִV5~\r?*VЀy5A.dLtzl+(Y\njݯ6#Zy(1^ýu*,<W\0޽N{ّc\0cL;do2?U}FORչ{UWl9\n\0(\0\n\0(\0\n\0(\0\n\0(\0\n\0(\0=\r\0|Ϭzy¿<6Ju[bòձߊr0kΑc瓶\0)A̜L91	%\\<ZTN+6*,4bsQx.-~c\'4JNʣc&d\'u:*iVkeUGNM.v,LZFvf\\ֲwlcvJJ\0~5}@ճ}s2+Фӎ=-o\'ĚS\'+ˈ}_!@\0\0P@\0\0P@\0\0P@\0\0P@\0\0P\\\n\0Q˨Ul~kJno^eUFq\\2L\0#csX4Uc>ū4#<V-QV-\\w/ִ\n1 fmHx¥I\\Fu×P?Ɲ:DgnIqIW8T23R2H5HDz\0:XBXX})v\"E`jqn3(WL!+з@erWt!Q-Rƒu-?Q^	Z7L}_@\0\0P@\0\0P@\0\0P@\0\0P@\0\0P%\0T\0CI$5Gvk\0:V^?6ȴʠ`(wOsID3Xw\"<)bE=MǚсU̓C#09Nf}p܈g\n-#b\0?J:X\n>N*@}T#\nRcV!\nVY*.3N	?֓Kq2ҷD??ߙMg|\'+\Z>\0\n\0(\0\n\0(\0\n\0(\0\n\0(\0\n\0(\0Q@C5(KMyzk[eP)ұ{hȿZjjlEG`I\n@gΗGҤ\0OGRjX_^i\0Ut?P\np(\njpjj\"xkX!3rjX5E^@-!,?\nd\"ƕ\0!3\0ǅz޼=E/GWP@\0\0P@\0\0P@\0\0P@\0\0P@\0[4\0jP&YPPi]\'a[2csFO_Fjni/?֬m)8\0y?lfPlIk\nP_܍W[я+O\0JpσT\Z\0/Uƍ|t?oK?ؕ[+|_V_s6\\o_i~eO\\zg\07}I|G9K)pnjQ3qVr_x;x:A=\ZO+\\!	0\Z\0_-4x5n.SM:#ř3\0߄_!ϼrr\02*䑭AW;|e\07Ŀ֭\0|3/e7\0\"4bO[ggaӜvT\0YƟ??l\0L,>\\gYy~6O\0A1s|P𪢃[?|Q_s!\0v)Z.Οÿ?d%_\Z\0!Rݰ-?-mO\\\0\037*\0,ȯ\'o\0ݵfrdj\0۬\'85mTx\'6ʾ%ƹRۙ&<8rP(\0٫\r?q_7G</_$K2:ZbѮUƻa֊3\\w4$h7G{Zt\0d]Zá٧ºuד%g;KhE|\0#\Zdl=2v\r-\\k_bOǳ3*:9p][l\\Oi%葿kM7ڎq=_B\ZUE ^UîztkӗN\"0UE~\0P@\0\0P@\0\0P@\0\0P@\0\0P@\0bD{\'\0mUW~.\0\0|Gd~[Y˖Z9j[v59f\\NG;$PqB$\rY?:f}2\0\0n\r\0!$):R-ٸRjC\'ґh=\Z!E!\r0Zsf23C; PY(?\01\\؏QSl(\0\n\0(\0\n\0(\0\n\0(\0\n\0(\0\n\0x\\趪Č+\0\n~?5o	\\\0kc?\0xQ˖jфK~1Z#EժG8S$\0$Eeޮ!R\0k?i_yذXd\\ZOas%[J]OVj\\,$5hq9W9 1HhCLbd`րDrZ+ DA!MQ}@ƜvQ\'9?LTDʸ͝p)KXGϜWC\0|!@\0\0P@\0\0P@\0\0P@\0\0P@\0\0P/M׿QOG\0!;}Dv?FV0ezsԶ+Dq̶*+a(u+`yֳ%ά$\0~h{OzxK6U1N2:dzS(}sٕJ4՗,2y$E{{bZ2\'^_ثW49?<r.\\W;FMZG;$.O87\'W/6~l]jzvebRds:{}ی22nkHl${n\0֝ȥn:RD229k3,+qjח0M_7z.1knTVO^0\rVUdEnU;`^\0yi:R:.ndl2j\0czk%*ѦއRU\'[w]-ӧrb<Vd)3hwlBN\'R=y]\0|8\0rb>{B\0j_8~\0P@\0\0P@\0\0P@\0\0P@\0\0P@\0bD{\'\0mUW~.j\0|G\"T`vH瑫oj9qV`\"1IVSEڣMSayq|Sm\0vN؟9\0<<\0\08n_5gϖmbPY9ęv9k(FzkZ\Z7kIX;ds`d{5Fu%6k#W)xa874煾hr~#WiWT첻r@,<`w]?Daw}NQ>ffw[Ὴ0;X.2FB3׌z}ӹe\0X\0SKY+7}>]{Y4$L\"<j6OJ*<w8xbthNWvޖN<zO^O\rY\\Cec1\r&XpH cNMJaƍffn^,?\r|)/±Cykgڬ߽l<p({oiay^2Yw+]m΃oU/M\0_#,}s[:x_i}lxaKo+^xƞvZ)L:Hj\0$󌞝^N{X\"\r9T.g<\04}crf4f2V@\ruUjqOGshqU}7h>k1#%힯#^Inv0^7.F2OoƱpG~WS^;ݯ WAKӊAvO--nԩ+\\#*XU6ˣoKy<~Ξ	E_jwp\\݇bdD,c8+Hԓ(=7\"1)&ayL˓lꉟ&3Ru#?go+~\01\\\0~W\0\0P@\0\0P@\0\0P@\0\0P@\0\0P@5\07^\0	\0[UGF\0?G51\"$Wn?U	\Z\05hl:՘\ZӠ<_]){k TJgیGF\Z^9l_{;l_\0hBMG^CFth$䜖={W=){j	筏P[GQMh_noy5L0ǼO5O=?\\RѸkxߴd>\r<,-+kh~Ё36VVSgJTmzul\0l7n[\0r#/?~Lq\0GS\0SbK1?\0~R2g8س\0=?\0}&y\0%\"\0v??Ch\0K=o#Ʒ5C\0SO)\0?`dYT\0G\\\0NhE~><wA\0o\0/3Q\0?6?~>+\0%LޣkCDƿ@?e\05Կ/R\0~4?\01}\0=8\0ROcҥD˹k6uġ\',GοV7\0_\0b1=ܟ>|HP@\0\0P@\0\0P@\0\0P@\0\0P@\0_u\0ET~$c_SN_Sӯ5G;.[F5-+Tqȸ>QkJHԭ/ۋYx}@d.Jjq;Ƿַj&w\Zk<\0	b=`UW>$IsSry\'\0<\'R2D)\'\0P$Muӣ\ZpkcfqԷ6m?=x\rI_PŤ@8#k`//;TIJ>}ޞw8;⾧|T>=ѵCtg`FRkЋz3Jv?5/K6QȘ12\09=(ƥ/dޟF3}~NWnoze/@Լx|Sa\r{)e&&ߝFsiRjSoc&aWXis]vԟƟž$m-÷qmN[\'*qqroxѯ\nQH+~g]7jמm殮hM3OqFlW2U9[}<TRsWt[?x*\0}$6j\0k7K#wcppxP+cǎiYc\0\ZNwxYĚ\\$q}pY$TbzUio&ih_\rx_0\rG1eق$k9Sf||aᢗ-K_6^cQ:[Z{zNu\098\'QT{Jx哽?u/U}/Dj_hy`RsmϽ/dbS_Q[3TjOKmlvs5So9BIs(%XTή6,i}+S+Np5s޳g\\J1=#v\0\0\0bq=ܟ>|HP@\0\0P@\0\0P@\0\0P@\0\0P@\0_u\0ET~$a_SF_SEoHj˖Z0oҴG$˫5G8b\08>,r)jF2.L;tM.>\\So}(cncޒ7C\"@&&\r#DXr=h419#֥D˸Y%	MAж=#v#+6{:\0j_8~\0P@\0\0P@\0\0P@\0\0P@\0\0P@\0a> ?\0mUэoџzp&n$=Nk\'c!XL|TU3с~_mF6sOVR1<2_Osn\0U\rL%a~}>r>SDZ}Vx\0SDK\r2!=Ys#a^]~CUΎw?|蟫/9\0?G<Ez:9\0;\roYca\0\rkS !؏\r.tZUVc\0j\\ѲT*+n!exDѧե܉HR+F$lRe}Uud/I8is+z~Rᇂ2[far}NQfw;gomqVٙ|eNOZ\0=6?h+?U\n\0(\0\n\0(\0\n\0(\0\n\0(\0\n\0(\00xBD\Zu\0MUѕoџ.롯[UQ:՘\'\rv{t4KpOjNM5cJT59K_5ԃNR)\"0-LUFA꧞0MR	5߉kÿ\ruwúG\0Zk7Áwm!)4\'Re)<Ǭ.^O@\"Ȋ+)*@獧ҫ6\Zm^=~KZD\'!V>Y]]64ՕݿzOjW7ZlVmٚI5Uǜ03COsh`+J2VW{cu|]\Z@!XbCG ;>k^h°7Nŭc mWGbyJP4`꼎qe\\=j* Uc$՜{w0zH<PZ+ϰ6D.xYcM!`!2	T#>~1)G̼e\03\0\"~׆~\0P@\0\0P@\0\0P@\0\0P@\0\0P@\0axwxCN	29z3Z?5\0;#ڿ*Zt>ׯtX5V;e=RC>4*i򫧾;H>/)&K705წyϹ~\"s➭6+k8,ЅX$A:bgy#5n祌F6^w_%2խtE7L3eRht\"㋽oiQifvO.|jN\rūA-EY\02@O1.ެ1qZ}JUR~\\!\"3lThU5d_0x9Jv\0ΣzOI,F`f\"|py4\'tSF\05X⏈Omd1˫KR:svs!Osu(OVN?>չj\03n1\r Do)4AfcrjM~\r\\hfɮ΋ͪ	<D,~r:\nN3ްUS3٩t/}9CZ~lf|=b. \\4,۴*0\'EJlQU\"vId¿Ml|Mkmyt\r17D*wƿ1/8Ъmt˞F*m,y!kSHs{)umP5K\\ڜ\\䢌J쮥$NQ9tt3ԳTz_j\0=\'\rxg@\0\0P@\0\0P@\0\0P@\0\0P@\0\0PI?SUGte[rg឴?ku\0]\r}vG~6TJf-YYkw?g!K)ROX`YP3MٮN\Z8FOsjriw2ٸe`Vy˷gҡ)YxzԝvnzoS~6ZxҮɾDxa=L*aP91i%9%B=%etm\rç.qiEvNr9t\Z>ʂ~O&#_i:ui*EI\\f@,~Bvos<5	\':qݾvy\0k/xUtyem9H#rH9VnQMV&iU 3#Gi1LTۭ\0=摢={>l#j?^8呧yIvĤw9&c0hF:{ٻ+=Su] |])c-YnڸD{\0Ο/gj?#δ?h?U;?u{G91$,@K2;r+g\'(M^۞e:T䓖5cIEPZ<\Z=o`B2V8stWI/}V/麆s:D+}JVcvQH#, VrK짇QMnU5-2MkĚ|F}\'HR-Y[4i#2B\ni7h\"Hμ\ZsUZ]M.xfMB?o:ux~h#kjۅ8]6BɸnV4W]gNS5j$_o+\'{3\\1rY<zgJoC7L/ٛK/?!+c,\0yA^P@\0\0P@\0\0P@\0\0P@\0\0P@\0|A\0`QVgZ\Z~;WeEڭoIe=[0vl@<CvB\n|ɽqƲхtg5A6*1)ۮ:Wokv)weslPHm黌6yVh觮xnoiRN{wTDVi\"*TٕZ.}Wݫ_c>ö:U Q\'dB\nuSF8<\Z#%&aբ(RK]{J4\r6kU7#[Fr;wE<%XNkYv-m縎[*9HJy@\Zt)F+	,3I;u\0=X6T\nNc<}kNxZ9~rTXŖWD)\"0T5if7b)=Эud*[y0܎#5kTvѩ:r\\k^|Z^|N]j%H\'Cf2;;a0]=\\vS=lCU[MU,xÏILֳv.j\\ȱI]2y8\Z]O	UN6s	M=nN)ݕF8S%{k):ɥٳx94\nDG\Z-+On%eT2\\*7i{4Npn<njZwnx{ANmm./.I_d!R>PN0\0Q׽$YR)%zv\\~\Z,\Z݃YOB`	՞4*]FHO};*\r\"6jv+vy)?&Կf_,\0j\0=\'\rxg@\0\0P@\0\0P@\0\0P@\0\0P@\0\0PI?SUGte[rg឵\0![kV~6TJiZlIn\ZH8(U>vLϙkXhLW+WUxJ:);m#tƼ9&L#k\0Ͽ\r)4r#yL}\r_&(xch,lH>eēR?\npqԚ\0SU!>lͤKI513GoFqsvﹳG._mo+l\Z;v·wvqLfi \"k7c1~r{TM.ʬI^+sV⵼\Z6#iS][\0qa<)*#(N_pRN]bZwSH6vhGcctn-@<dxIfFJMTҊw7e<ѵ[q<Fg&\0~Г[5Goħ0_ΐ;q\0O&hDu;m:=-e\0M1\0,\0yRXj.\0:ks[_sӵtˆ \Z\'Uʺ0)\Z	;^(8H#X2	9_zT5Ueu&>66*XVQbP1$crDZjp4miS0It캙)lww$Hａ4Y\'2g<gDJR<ԝ?ozri,G2	$1\\7eTK~W~\0P@\0\0P@\0\0P@\0\0P@\0\0P@\0W-⻰dYa&GFA(M&ρOٟIYt\'H%xnWELSW?&wU<^tp?4L72,I}aO1=z	QPE5_%\09\'ЗU:oP=Im\'̿ɍlڤpτF+b\0#%./q_mۄ\0r\nqN]ypb2ipԊq>W֣_\0#f\0?\0oxZ$ʟ>W)Exv>̇5l+\0\0#\\?ϗ<cjeob\"s3BB^/|?{\0|Uoe,|KU-\0=vQ\0D~a_p/¯ <\0+\0Yg\0>$K\0\n,Z9R\0\0\"A?p\0্_AL|K~F\0ˇ>xQ\0 `\\?jFR/:c9cef@k;H߻OKE6\0tǅ7R\0z[ty:d |a-	+\0\0Ӷ1|_#	iK\03<!H?j~eQ3:bGTx:_nܿ~&xQDv&|aQr!A|u[IX#5sKa\0Op%]s㪿/DF_Ojwl4?-ZȲ|4gy?C;N3-/W/jD#nli%d}_Hb\0P@\0\0P@\0\0P@\0\0P@\0\0P@\0Gq\0\0&i\0!fRķUWa\0?ZZڹdPVLey+[k\n >-.ib2\00:Ur8=*[d7Qp:۱6 2zTV\'*\r8Uw\'{\nApP53jxb1:ՠ,?t!w\ZwG%z$|\0׻֢\"{C\0\0P@\0\0P@\0\0P@\0\0P@\0\0P@d\0t\0*L6~V4Hy^\01UE(ɮ\Z!ǵr̠Jqy[|Zh-ZRzW+kcf\"v+HrsҘB\rN~[Z&GzЀF`^M\"\"y[D/$kEaYj_	>dxZ\"Ikw%2_5CrY?*7p\0>1\n\0(\0\n\0(\0\n\0(\0\n\0(\0\n\0(\0#	\'P;hE{ܧ+ΪR*G$dR9I`@%^\\yν\\J,TD,>cX42hM{l3S4-n!bVMGZ\\efRbM+;\nh1U0*ҶY8EtD|aZĒ朿;}{W~qH5\05@\0M\0|q\Z0FR# \n\0(\0\n\0(\0\n\0(\0\n\0(\0\n\0(+0>U9ۍ_-[:#/ܸmҸj+TpI8z$\"H1kzz;(jǆQ=kXYeb 95CN=)4MTLhCZ-[HUW\Zn0nک~r	sZ\0+T<(ⴉ7D\"SKD;jKe;oz8s6=\0\0||=ʲ׳\"fs=(\0\n\0(\0\n\0(\0\n\0(\0\n\0(\0\n\0D@<i*X<gՂqax`)`1WVcd\'DW(FFtL+IE*~$2p⹤ ebra(AʰEQ]4@⡌H0})O3ZZOHJC]DpF3Bq\\PpZ1ֶrjL,Yw<U2H,m\nMiarؽAt\0^.nByRp	F7\'|o\rtȆ8_$yfe6{u{f!@\0\0P@\0\0P@\0\0P@\0\0P@\0\0PW_/PƞsfcqM|۾GCir	4٢-Ǭ[8 WhL/!CXI!k9ErTnR\"6vO\n`1Lb>EY{8=Ht{/E\0\ZJ=r3C03X+\r}M#\0g*1Vi\r<E&N}3KvcЍtHdT\Z4j3tKٮr+)#Q(ق,E%.&\ZL5h]⮝n:ⶍ$M,c{ֱ\\X~ ¹UxQrkUȺq;h\0S&G\0	˸m\'5Nd2_캏=2 K \r_CRO)+q\0\0P@\0\0P@\0\0P@\0\0P@\0\0P@\\\0Ǵ@\'d;i9$}Skt\\wn(}z:l4q\\>zndbT!	??C^;:9ol%/-73*\0Ykp&`bǐ\0R\'hlZg	WR9U)\\~EE9%\"Ubqp0­տP@M=XʲZ5,lзVN\\I\'\"8Ehu3fz`!\'h?ΩN,`1&f18亀a?+tdƒ|ؚIEH%Q֪	4\\bj)S\ZԓZ0xi@sbZ\0~fQii6:;etZFzM*OǋɄfy-n+P@\0\0P@\0\0P@\0\0P@\0\0P@\0{T-lHp3=\ZjQgO#tɉF}ҹqX(#kِi>D)ko=\\$ːgx52ƣf-M	AujzlD!\ZKD>\\QFk\Z=\Z&A*yˑYSM5U.[{:,SXSkɞ\ZQWIKjg>⸥	\">-B	,9VV]m }OJNbl2$V2mԇY~[&nnCu\0\nN]=E\nWEo)\0֪jj8*Ey5cjqs\"ņ<yoo+FĪN[.H3B$C]Jjb@&ݢC39Q\\Q,\0F=#Wdf:n%ūK1 \0u+ԎUVq!GxWk:r_/c\'g?8 `l瞕4+Eh.{*ռKB6R-=bTE{Th^//-d_krdF3+`zmG%[-\0t׭\\$(\0\n\0(\0\n\0(\0\n\0(\0\n\0(\0\n\0~at(#(	uZ	d\nb}\rEJZ(=w-e*pe4KP۔~ՓxYe+yrU/~LMk\n]_\")4rJָ\0#xw_{FY}9|6ӆ?4*Yd1!Gl ,yB\\SW[F/__2eRN$8=r<#=_M\00s|dot@ű@Lg\'eo_+ʼ%vAPea\ZwKJ*I\na+%|kgojh/jOOt?*`1R|\0Դ..vV[>?$.tCk[vDno+-/oE\0>t֖f	ܤ}y#I8uRݷJW#6\Zɑ!M?&\0\nU-!,7m;P9516*k>~Uj+\\4X 8Tp6(Vфc+cjUAӟάEE5|%5}\0|\Z\0\0P@\0\0P@\0\0P@\0\0P@\0\0P@K\0h@mu}P1\n>3@ȄwjVE56A,C\'4#G*Pf(\0Qʻ4V?rFǕ	@$\0ECYp\0\nvB\0ҰF[)w\'W@3֘uJLcMdh[F̬:t\0a(o\0A5QLA@\0\0P@\0\0P@\0\0P@\0\0P@\0\0P&\0R\0\0m\Zmb9u\0K#\rj!zɦ1rݠ@Wdqqc\ZoH.*@9CnT\'ܛsZ.SH8\0hP1|GU\\\0zZ +|H R\\K\'>՘Q_J4-\\g8p4ĜgZ.3rC울&zhHP@\0\0P@\0\0P@\0\0P@\0\0P@\0\0ɿ?>i\ZZ\\/L9Y\'`&\0Uq\n<BǮjW.zK@A}(Tr\Zf2EH֣&\'5<+;۝1A1)#5.W&ۋ6\"\"\rNV{$֩ʘn\07?1(\'4NqM\0@\'j\\bUl˱Ee+6ǹ0\r?*\\25\"}0-G$+pT\0P@\0\0P@\0\0P@\0\0P@\0\0P@\02o2h.ԯnU.bɤ?ys2O<PX쒁kmqQS	Oj+koim~-1\\t~T@[?)R,1(HECp)Y3?QKYݿT}=ŰnNO)Y_$\0tTYSvP#x&\'*-0!kYcB9Oc6rTp:f.\\3P;Fvgf݇pIִT\\HJ\n1>Fu	/Yki	d#w\Z觹,P@\0\0P@\0\0P@\0\0P@\0\0P@\0\0$\0t\0*L|C5k|{fU(ͨw)|WnTIIpU4ڱ^\rQ[}ڒ)G5ʰN	=g)r/mχmfu1H끌wct/t\Z2:s#M5+PZ-&͈Ifuy+B0~T*;dVV56\Z9X	+7óh,]>(n0%BGG(\00r\'V|sG(\00rppU}#.~?Rar<r. cXgZ³͏O4AfH	aa<\0߈,I\n~=T!ɑ\\]+aE^Ij72%ΜO=x2M$s^]L:+w\'e4sw01݉9*\\Fޑc.+P @ )G:7C=sdoQ$0>R1}6~<{X&0\n\0(\0\n\0(\0\n\0(\0\n\0(\0\n\0(C)SЌ\Z\0\rzzm.7΅TusQ\Z{Ug?tєYsq_NkE§22m~\"IL$hfY[o.X>}5gqy\rwW.&fmc]	.NZo%.n麥rOM3֪jZ=`;js~& FNB@;u\0XtSWrOk\'Q@3}*WQZTx~YV!~995񘏱\"b֧kߏ2SCk$toG[rw`F]>\0pB\'\nՒ_ch_OZƕ]c\rNYxrד+T`O2\rςoڠygJYo^OӒ;З9KmβxZvu>Hve@jV\0&H8|K_ŊіF>Ԍ\0\0j#Ҭٖ8t=R0qbϳVRc\0/WNcIo~ڮ_2،lP̱qҬ?͠݇^\nG#W`qnO5𜟽4\0g4վZğ	@#[MGQiBLn\0٫M8/ӕ?<VW7(aV?sͳQA\0k*0i4\0XL3PGbOJJ2^J]zi=?#ǼS\0F,a(Q=p?vF1+ůu~庰\Z45e\\x>_E-oe#\r/4<Hz1ɮ{7|Mh?ǅ|9qIܒ\0X9+j0\02>cEXV%T-GE8_qN*0QJ]Nִ\0\n\0(\0\n\0(\0\n\0(\0\n\0(\0\n\0(\0##ހ9gރM4D\'#񪜝H{9=3(ӌ_4t8M{a#Zi\n#J?,׉X9_x~.Qw8;L̷ r\"dzӌ^?u}Ƞs>3\ZؖۧR6}\0CEVZSMtt}JI<`myӨ^IuI_V-<j2jU@I[+.xJqV&?\r&ˌb&$_jwE.?NW}Ž\'H.41Ph\nK\"U_+-#Mk\n8H7\n-:hWnO+͞_KI|W|xЁ+!JgŰz\rvaeSU&&Z3[\\ukPl#Ke73.YY\0m2I ^khS[Guh&;z\0`+X+\0	Jrϣ0Mxaj2E*đDppG8l	zx(Gu0eXhEq<`<R_s6|ZϘ-gVM8\\d/<줞mG:\ro<7^*-/iOi!O( IqdsWaMx-od\0;Pz?#7\'M,*ŌVWwq{,hfRRWE/+{~M4R}7^e	^>i~D:C\0nl}Qi\0XQS9\nтU38$ݐG_ZS;\Z\'XLPFÌdFFfWS\rrNͤlugY~͞{Ԯ$mf\'<		98]4G|/zNzم8AZ*\Z\0Z\0(\0\n\0(\0\n\0(\0\n\0(\0\n\0(\0\n\0(1@(\0\0-\0\0f OKo\0ypC\0tлEXT]]_Zd*]\no\\dZˬG11?\0?*g֏Q<*\0yʮ\r^<c̼\01;2-1z\"2W}Ïâ}ieJ4..c2Wgb._KP]<=teD*@%\ZE1Ga:e6҃(wdm\0q@\ZpUJ\0Z\0(\0\n\0(\0\n\0(\0\n\0(\0\n\0(\0\n\0(\0\n\0(\0\n\0(\0\n\0(\0\n\0(\0\n\0(\0\n\0(\0\n\0(\0\n\0(\0\n\0(\0\n\0'),(4,'Jarabe Joala','Mascara exfoliante',21500.00,'2016-08-17 08:21:25','2016-08-17 08:21:25','1','\0JFIF\0\0\0\0\0\0\0C\0\n\n\n\n\r\r#%$\"\"!&+7/&)4)!\"0A149;>>>%.DIC<H7=>;\0C\n\r;(\"(;;;;;;;;;;;;;;;;;;;;;;;;;;;;;;;;;;;;;;;;;;;;;;;;;;\0\"\0\0\Z\0\0\0\0\0\0\0\0\0\0\0\0\0\0\0\0\0\0\0\0\0\0\0\0\0\0\0\0\00\0\0\0\0\0\0\0\0\0\0\0\0\0\0\0\0\0\0\0\0\0\0\0\0\0\0\0\0\0\0\0\0\0\0\0\0\0\0\0\0\0\0\0\0\0\0\0\0\0\0\0\0\0\0\0\0\0\0\0\0\0\0\0\0\0\0\0\0\0\0\0\0\0\0\0\0\0\0\0\0\0\0\0\0\0\0\0\0\0\0\0\0\0\0\0\0\0\0\0\0\0\0\0\0\0\0\0\0\0\0\0\0\0\0\0\0\0\0\0\0\0\0\0\0\0\0\0\0\0\0\0\0\0\0\0\0\0\0\0\0\0\0\0\0\0\0\0\0\0\0\0\0\0\0\0\0\0\0\0\0\0\0\0\0\0\0\0\0\0\0\0\0\0\0\0\0\0\0\0\0\0\0\0_/Z<];\'<v:ܰ1>x^uON|=7My\\/=9dRz$zV|\'>X]Wy0zǭ@ǅ@\0\0\0\0\0\0\0\0\0\0\0\0\0\0\0\0\0\0\0\0\0\0\0\0\0\0\0\0\0\0\0\0|VԱdפ[SYYV [=2,[XH.BԗV%[j\\DA*4a]ڞy2\0\0\0\0\0\0\0\0\0\0\0\0\0\0\0\0\0\0\0\0\0\0\0\0\0\0\0\0\0\0\0^77&.^KihYJ-[Ŗ$Z$DŖ\" L-+UYRm[LmkfR\0\0\0\0\0\0\0\0\0\0\0\0\0\0\0\0\0\0\0\0\0\0\0\0\0\0\0\0\0\0\0?\'ק4YĤ J(Q\"$ \"UqUbfЙư8\nFQhZŠZޘkj]b@\0\0\0\0\0\0\0\0\0\0\0\0\0\0\0\0\0\0\0\0\0\0\0\0\0\0\0\0\0\0\0xϔ*]wƺsT$ 1 	\0\0@\0&Hab^so{kV$D\0\0\0\0\0\0\0\0\0\0\0\0\0\0\0\0\0\0\0\0\0\0\0\0\0\0\0\0\0\0n-[_LWH2HYUH10A1 	$H\0H@$H$BESERsە=O[[V \0\0\0\0\0\0\0\0\0\0\0\0\0\0\0\0\0\0\0\0\0\0\0\0\0\0\0\0\0\0\0z={딒ҥ+VAU\"A$$\0H\0	 H\0$D\"еS-11sv<I\"$P\0\0\0\0\0\0\0\0\0\0\0\0\0\0\0\0\0\0\0\0\0\0\0\0\0\0\0\0\0\0\0x3LHHo\"T@\0$ $ DL$EVsns1$LM\0\0\0\0\0\0\0\0\0\0\0\0\0\0\0\0\0\0\0\0\0\0\0\0\0\0\0\0\0\0\0ZkkՂDZ\nE굋Ej\0 Herp^7b6SIH	\"	\"BV+|z>o2zY^bI\0\0\0\0\0\0\0\0\0\0\0\0\0\0\0\0\0\0\0\0\0\0\0\0\0\0\0\0\0\0\07[Zյ[ AX-bU0	 $U^iO4S]\'q.} &%!0E/Bʔbcю-!\"P\0\0\0\0\0\0\0\0\0\0\0\0\0\0\0\0\0\0\0\0\0\0\0\0\0\0\0\0\0\0\0G-k5֬ZR-X )!).JԑD H\0%\"@×޿L{vW7$LM\0\0\0\0\0\0\0\0\0\0\0\0\0\0\0\0\0\0\0\0\0\0\0\0\0\0\0\0\0\0\0]Lqu{Ͽ^^<w6V|먼uDИk˙.D&\\ޜM{JۏNwEab&\n|	o:T$Dh\0\0\0\0\0\0\0\0\0\0\0\0\0\0\0\0\0\0\0\0\0\0\0\0\0\0\0\0\0\0\0x/ն6{:9߮b365|_TL:m<}{N=d떟4:M\'U^$r^oS=23ߜJ}KX랉b`\0\0\0\0\0\0\0\0\0\0\0\0\0\0\0\0\0\0\0\0\0\0\0\0\0\0\0\0\0\0\03^[;澟Gx~?|n?J5u[Tøܲ\ZrutМ\'|q&8c]r>`VlVԚ=22ߜk|\0ER LM\0\0\0\0\0\0\0\0\0\0\0\0\0\0\0\0\0\0\0\0\0\0\0\0\0\0\0\0\0\0\0\0F]/\0sOW槗xmլZ&y4:xrMm19}A)6	MxzxnNӞ^mZڳLǛlz&~{-K!14\0\0\0\0\0\0\0\0\0\0\0\0\0\0\0\0\0\0\0\0\0\0\0\0\0\0\0\0\0\0\0\0y|GzoϞO[{??4jy<wow}\n4>^AߓNvrEZ;?`I/7~,d2.qߏWR\'`*&<Û2]lX14\0\0\0\0\0\0\0\0\0\0\0\0\0\0\0\0\0\0\0\0\0\0\0\0\0\0\0\0\0\0\0\0qzs~(6o\0Ocr|O|g:}߈맻}rۏ}bbk>i7֗:|[-r\'`cߋ	r&ݪ_?z&Z^:a϶	N>ٗ[Ŧ$LM\0\0\0\0\0\0\0\0\0\0\0\0\0\0\0\0\0\0\0\0\0\0\0\0\0\0\0\0\0\0\0\0~ۗ-y}4\0O:iOCzû|:9R-Y.W(/sF_V9ÿuytĀSkӿ9uZm\nRx뉇>Ook/GƷɘ!14\0\0\0\0\0\0\0\0\0\0\0\0\0\0\0\0\0\0\0\0\0\0\0\0\0\0\0\0\0\0\0\0Wf\\Xpe>n>OO:ͧ~_C/Zړ~6\0\0\0%yZyfr[NQr\Z|LW;6\\0ͻ{z\\.ulLā	\0\0\0\0\0\0\0\0\0\0\0\0\0\0\0\0\0\0\0\0\0\0\0\0\0\0\0\0\0\0\0[^Cϯe;-αz4ï/ǃ}/>4ދk4rQsϋts)lm.9m]~Z3ǲi>vM=?eKVH\0\0\0\0\0\0\0\0\0\0\0\0\0\0\0\0\0\0\0\0\0\0\0\0\0\0\0\0\0\0\0\0o鎞/Kގ?W˷+p\'כէ?|rue4_Q<0ߖFzkyd9_#{kYuSӎs\r1L=t%[1 BJ\0\0\0\0\0\0\0\0\0\0\0\0\0\0\0\0\0\0\0\0\0\0\0\0\0\0\0\0\0\0\0\0]y|M</N_Sӷ1:zzr߿#Y5n׺<S<x1{USρrݢgXm/YGzL7tbf$M\0\0\0\0\0\0\0\0\0\0\0\0\0\0\0\0\0\0\0\0\0\0\0\0\0\0\0\0\0\0\0\0~^3<Zҿz|RL4Yëzwf%	:o7.X\\mZL;V疙119IV어I3 \0\0\0\0\0\0\0\0\0\0\0\0\0\0\0\0\0\0\0\0\0\0\0\0\0\0\0\0\0\0\0\0,XJ;_/\'d۬k[u>ݟ	kλ@Ā&%\0\"`w:eFD|\0ENjf&\0\0\0\0\0\0\0\0\0\0\0\0\0\0\0\0\0\0\0\0\0\0\0\0\0\0\0\0\0\0\0\0\0=tvۿ\rѢqtt8\"guqgsy+dO\'V_VCĠ	\0LJ\0DԮw:eFW;]ekVb`*@\0\0\0\0\0\0\0\0\0\0\0\0\0\0\0\0\0\0\0\0\0\0\0\0\0\0\0\0\0\0\0\0as`m<Z%yiru=^O7N.\\g4yiџ	b@$\0HDĐS;ea2g[8gZհE\0\0\0\0\0\0\0\0\0\0\0\0\0\0\0\0\0\0\0\0\0\0\0\0\0\0\0\0\0\0\0\0\0pqz[^ǝƿ-33zaӏVw_n~ @@)zḺ,vJoK>.M	l&&\0@\0\0\0\0\0\0\0\0\0\0\0\0\0\0\0\0\0\0\0\0\0\0\0\0\0\0\0\0\0\0\0\0G޸Kmv<G}k4&i`_~){y9yG\0ĂPLS-23\\L)+qZbD\0\0\0\0\0\0\0\0\0\0\0\0\0\0\0\0\0\0\0\0\0\0\0\0\0\0\0\0\0\0\0\0\0m}.=jZI6Dwo:IS=kf-ts?b@\0 )j\\#,uGgk.^;iK@$\0\0\0\0\0\0\0\0\0\0\0\0\0\0\0\0\0\0\0\0\0\0\0\0\0\0\0\0\0\0\0\0\0ןjoOZkn=-1.fbN]N1LszI2H\0LJH\"&e1#,u2L{xYwr9i$	\0\0\0\0\0\0\0\0\0\0\0\0\0\0\0\0\0\0\0\0\0\0\0\0\0\0\0\0\0\0\0\0\0\0x~犾Umu?36ͫdk1+9}v8MvM/	Ԁ		 \"jV-q3\Z^n=\\)rH\0\0\0\0\0\0\0\0\0\0\0\0\0\0\0\0\0\0\0\0\0\0\0\0\0\0\0\0\0\0\0\0\0\0=-|IKeϕ\'_u[c$&$Z1+ѯ?FD;\0EmUwr2L*^u.]tIbH\0\0\0\0\0\0\0\0\0\0\0\0\0\0\0\0\0\0\0\0\0\0\0\0\0\0\0\0\0\0\0\0\0\0_;hm;Vյ8pɷwp|65c-`Wn~\0@!Zg|̲<3oCйvtaޗ&bI\0\0\0\0\0\0\0\0\0\0\0\0\0\0\0\0\0\0\0\0\0\0\0\0\0\0\0\0\0\0\0\0\0ʿ9\Z巂ݜz9~{f4_},כ9ӠbQ1 HfYiZe&uS.=}o\Z^&bI\0\0\0\0\0\0\0\0\0\0\0\0\0\0\0\0\0\0\0\0\0\0\0\0\0\0\0\0\0\0\0\0\0ъ<ץĄv6Ҷ[xӏ\\D6}ѴM$sQ) 	igVYkO{.3H\0\0\0\0\0\0\0\0\0\0\0\0\0\0\0\0\0\0\0\0\0\0\0\0\0\0\0\0\0\0\0\0\0vͷLiM32kg2^wcuTL\0	\0\"&L#,J=}=캷sKRI\"@\0\0\0\0\0\0\0\0\0\0\0\0\0\0\0\0\0\0\0\0\0\0\0\0\0\0\0\0\0\0\0\0\0\"G]3z$^bIÍLM1$Itq쉎=\n\nĵWϥ;Ӌ~v&9VieFY锕Dѥbf$	\0\0\0\0\0\0\0\0\0\0\0\0\0\0\0\0\0\0\0\0\0\0\0\0\0\0\0\0\0\0\0\0\0\0^-Ilm/MDsYsubNx25LM.xk<:\0+N+jKs\\#,Jڶqϧlv4lLā0\0\0\0\0\0\0\0\0\0\0\0\0\0\0\0\0\0\0\0\0\0\0\0\0\0\0\0\0\0\0\0\0\0\07_#pY)RNzN|KZ&8\"KI>X^f5t_Rގ\\L8=3Jޚ3ql^մLĒ¤\0\0\0\0\0\0\0\0\0\0\0\0\0\0\0\0\0\0\0\0\0\0\0\0\0\0\0\0\0\0\0\0\0\0qw6-IlyԽ6s?R|c#+=HډQZ;ӟh0?LmZgTi\Ze>>c{VLH\0\0\0\0\0\0\0\0\0\0\0\0\0\0\0\0\0\0\0\0\0\0\0\0\0\0\0\0\0\0\0\0\07516ējy5w^bqz^o~)DKLqv4ͱ_vyLϟNYiZz93sѮZlLb@$P\0\0\0\0\0\0\0\0\0\0\0\0\0\0\0\0\0\0\0\0\0\0\0\0\0\0\0\0\0\0\0\0\0yҡbmZbSϥǛSُ.z\'$=21XE;t|<c=3ۖZdgFt\\ףw_\'cRLH\0\0\0\0\0\0\0\0\0\0\0\0\0\0\0\0\0\0\0\0\0\0\0\0\0\0\0\0\0\0\0\0\0W4ldj<^yH҉=Ukߌ:;8O\'_3~6ze-23L&>>]|Ij^ձ3	\0\0\0\0\0\0\0\0\0\0\0\0\0\0\0\0\0\0\0\0\0\0\0\0\0\0\0\0\0\0\0\0\0\0<SwnJͫ)K_/eg~YW8&8L/?>iWp9~.LgfYkS&{VL&$E\0\0\0\0\0\0\0\0\0\0\0\0\0\0\0\0\0\0\0\0\0\0\0\0\0\0\0\0\0\0\0\0\0\0\\LM&%fbSo7?KɘloΞm\\Dkg:=2$wqvܻ:Sm3-jڦbDT\0\0\0\0\0\0\0\0\0\0\0\0\0\0\0\0\0\0\0\0\0\0\0\0\0\0\0\0\0\0\0\0\0o8ĬJpMZb?7_3ZM02tWTMI-3\\4/;xn}}<mzI3	\0$P\0\0\0\0\0\0\0\0\0\0\0\0\0\0\0\0\0\0\0\0\0\0\0\0\0\0\0\0\0\0\0\0\0^ujHf%Vz\'\0QftG\'>@g^:o8.jڼ{LeKH\\sâM4Z$ĀH\0\0\0\0\0\0\0\0\0\0\0\0\0\0\0\0\0\0\0\0\0\0\0\0\0\0\0\0\0\0\0\0\0oVzeVmVS{;yX(=Ϋui6waǨ9{cyם-Y#-qϫM3дē11 \n\0\0\0\0\0\0\0\0\0\0\0\0\0\0\0\0\0\0\0\0\0\0\0\0\0\0\0\0\0\0\0\0\0\0JM/GfaV2ֹI Em[b&@\0\0AW8gӟYM2<mmY>NN\Z^LZDM\0\0\0\0\0\0\0\0\0\0\0\0\0\0\0\0\0\0\0\0\0\0\0\0\0\0\0\0\0\0\0\0\0\0$xfaVkR{RojYͦ$!R(0Yv̦ZdS=33IZ^9;tmƗɴI\"$	\0\0\0\0\0\0\0\0\0\0\0\0\0\0\0\0\0\0\0\0\0\0\0\0\0\0\0\0\0\0\0\0\0\0hi\'MnzJz/:c8eq⓱)\rH\'9\\Ezg%Le}ԽbHbh\0\0\0\0\0\0\0\0\0\0\0\0\0\0\0\0\0\0\0\0\0\0\0\0\0\0\0\0\0\0\0\0\0\0\0}mx8>>ó^eӇ:ǦK3|~p-/&o_~ON\n]N2a7n\\/j-1$\0\0\0\0\0\0\0\0\0\0\0\0\0\0\0\0\0\0\0\0\0\0\0\0\0\0\0\0\0\0\0\0\0\0\0\0Kܽg>z\\0M)}3Ҷ엫5,S-}E@/zǠzC{9;læMuB&bИ@\0\0\0\0\0\0\0\0\0\0\0\0\0\0\0\0\0\0\0\0\0\0\0\0\0\0\0\0\0\0\0\0\0\0|N.5\\扪blk|Ny\ZeN*ڲ\"`\"&cN~릙Gwrtaеbm	$\0\0\0\0\0\0\0\0\0\0\0\0\0\0\0\0\0\0\0\0\0\0\0\0\0\0\0\0\0\0\0\0\0\0\0<^.ll歫V}:{xW;8D\ZfNqmDciugWo\'etoDi.Z%&\"\0\0\0\0\0\0\0\0\0\0\0\0\0\0\0\0\0\0\0\0\0\0\0\0\0\0\0\0\0\0\0\0\0\0-¼한j֭W( m͹10LLzz=(uWFo\Zޗ/11i\0\0\0\0\0\0\0\0\0\0\0\0\0\0\0\0\0\0\0\0\0\0\0\0\0\0\0\0\0\0\0\0\0\0\0\0qmsVb}2\0$!\"g5KR[|:\rzz;뮍5.^ձ3)0$\0\0\0\0\0\0\0\0\0\0\0\0\0\0\0\0\0\0\0\0\0\0\0\0\0\0\0\0\0\0\0\0\0\0\0<~-X*rmיV*,	)Y:LSnN;;8l7tBI\0\0\0\0\0\0\0\0\0\0\0\0\0\0\0\0\0\0\0\0\0\0\0\0\0\0\0\0\0\0\0\0\0\0\0\0GypӯU\ZV^ij2uXuttNDOI7!Ta_4\Zyumg^kbI\0\0\0\0\0\0\0\0\0\0\0\0\0\0\0\0\0\0\0\0\0\0\0\0\0\0\0\0\0\0\0\0\0\0\0|~.uʹZ4ߟS_V92yڹ\r#14f4ӯ牂/;ts޾>|75-b֭LM&$LH\0\0\0\0\0\0\0\0\0\0\0\0\0\0\0\0\0\0\0\0\0\0\0\0\0\0\0\0\0\0\0\0\0\0\0=scUί5}2uegG<QoZXu&)5\"&힦|Ruu;㱮klZbDĉ\0\0\0\0\0\0\0\0\0\0\0\0\0\0\0\0\0\0\0\0\0\0\0\0\0\0\0\0\0\0\0\0\0\0&.kz[;Rtk\'oҔ֦ZX-\"cMs6-{|&㱮/jر\"bD\0\0\0\0\0\0\0\0\0\0\0\0\0\0\0\0\0\0\0\0\0\0\0\0\0\0\0\0\0\0\0\0\0\0\0Awʞ&Ԯ+-}S\'ʾ|}h\'֏)x#إy/J#XN#te\Zi[$LH\0\0\0\0\0\0\0\0\0\0\0\0\0\0\0\0\0\0\0\0\0\0\0\0\0\0\0\0\0\0\0\0\0\0\0 \"1x96؜EjhΦь46䓲xtIn;E+s\ZMjbWH})rZbDĉ\0\0\0\0\0\0\0\0\0\0\0\0\0\0\0\0\0\0\0\0\0\0\0\0\0\0\0\0\0\0\0\0\0\0B&\nZڥ)*kDʺ5*1j1kMu5c;:V&$H14\0\0\0\0\0\0\0\0\0\0\0\0\0\0\0\0\0\0\0\0\0\0\0\0\0\0\0\0\0\0\0\0\0\0\0DL[AHJV)[κrL8ͤ99IYH6IkD)	*@\0\0\0\0\0\0\0\0\0\0\0\0\0\0\0\0\0\0\0\0\0\0\0\0\0\0\0\0\0\0\0\0\0\0\"DHZ\n+[ԥtZR/#H3\n.3i^J.)6q[MhI2	 \0\0\0\0\0\0\0\0\0\0\0\0\0\0\0\0\0\0\0\0\0\0\0\0\0\0\0\0\0\0\0\0\0\0L\0@!1h+x3*g\ZAH \\Qx*XVl*IKL3$YadELHLH\0\0\0\0\0\0\0\0\0\0\0\0\0\0\0\0\0\0\0\0\0\0\0\0\0\0\0\0\0\0\0\0\0\0\0\"D&!\"&AX^\nE\\R.)^\n*&d̉H@\0\0\0\0\0\0\0\0\0\0\0\0\0\0\0\0\0\0\0\0\0\0\0\0\0\0\0\0\0\0\0\0\0\0\0\0&\0!0\"Q\"\"ER+\n,)UV^\nͅV2D$$	)1 \0\0\0\0\0\0\0\0\0\0\0\0\0\0\0\0\0\0\0\0\0\0\0\0\0\0\0\0\0\0\0\0\0\0\0\0\0@\0D$U\"AaUHLXBd$@ \0\0\0\0\0\0\0\0\0\0\0\0\0\0\0\0\0\0\0\0\0\0\0\0\0\0\0\0\0\0\0\0\0\0\0\0\0\0\0!\"%\"\",*D$BD-LH	j$\0$\0\0\0\0\0\0\0\0\0\0\0\0\0\0\0\0\0\0\0\05\0\0\0\0\0\02 13`!0\"@#AC4BDP$5p%\0\0\0͊ǳoXzQ32=K=IOPz#:8888888888888888887q\"o߉~&M7oމz&M7o߉~gxԴDη{oo	-l(-^>佥?ڥ\\v.仓og{WQ]ݗ{de⏽Pq\rq/܋߲/z1{^ޖ߽O+D~!<3QQ\'޸EٯM=c\0\"}K[}vi#}n.gi!ثL;>-;OZiwn}٫OJuW]=>ڧZ\0x~}{w~S÷Aٮ7v؏f%޷Un˱=.j])ѦUȻ,]4Ӫnwn}jQTU6v֊{xrLwn/gj\ZiWsw./\ZzWyQf_۳hZ];tgg+QP\0=f=)k.{4N?;ofm*j$\ZSM+mq-iܫbU쌓\\On4Y];WjֻgrvhU=ݟvxYvUjw.jj)ݻ޷]{Tݰ=y\rt7Mt7Mp7Mt/}:j:i\rlj^\0paƮ[-\0pMKƱ#Mx!}uսƟ\0lHlmlV2F~v\0h1ex\01GnGOoao3}2C+[Ew/yT?d(nKl㷳C\"Ώ3c61E;?!uVGl!oe朶=oyɛYYAw8M?dUұx#)kdd^XurRhOo;Ǖ} /Af9{Gt㫕=x޹נڊx2%8ήE,~|{+!\"{ķXN~%~a_{}>\'$tKNoNk\'k9Xc$2k\"/FX{1=O+{_KGG$%8i+ӔW1O\\e[pn${GO䆎IZsnF1zҲm\ZbO{=*	oםz9\\[%mǔ:VG^,WCF;{1Vlsè\\[W,g1y@2z=3_Qoݖ%Ĳ\\L	2Sc\r^Lᔵ|h`߁xI	vĻDxXji],>\"XyщZ3᤟\\㧖P̞/o;!-0f%Kb>ItكE:s:K9+(s[cu~v?x5Tj/altԬdZ9٫zsvlڳc\".E|;P/ս|R};\ra?XLB4zFG$u6mvr1b+ /!J5xH5PSגOᎯQǔJȋ%u:ߍ)_lqPrJKB2OOuqN\"7ѿjyrCVLcQ+\"/ >XQWM[8<>,gdᇜk+4|pOG%}sz]rcYyǥe*\"mdk!EQE\0ŞYŵ6«%ƜiƎdMa!f9.>5o\Z\\<VD^A~fW|FgȖTY]8JbOnR{:c\"GSExh%K;S+d\\ѝ3&P{\'[W.毮LcQ D^AKZʽJ1\nrPs[t\0~(UBGZܭWranՒߍ-cǔ_lWf)F&v-ıEʹbޫE\0ڎ\n0vw_O~qx;J誕\n*I?Oa+e<\"¸pᓎѦg#ǔ^AwlbM^%pN\\CpV&2UuwDhq*kV%.͖b?.8f8b\\c@v8Mu\nJ^*ǃ&ofC8\\$~[q>wU\nî8Ya{[6~31I<a;(QMxk},pkkf⛺w˭T}1\Z<MQL,61$@غ[#&>sok	eWssa,ru8bvۿۆ\0v5KoఉJ\0cEdERՔ,N1\\mMNpmvBVOXg5M1鼜 ~cǔHY]]pmƫQ*$oDMSw37dZNeV\Z[c\"+=+b.uUOR\0Jv&$Ge4NNXhRmx8o.-j<#]1(\"/\"Y\'cIUTptk.5N2UENB߯*VUF1y@yl\n9]:;yʒyCW1cȯ,n3M]cP D^E~{yGVV\'(XLȺ~<@2pn1[ۻFQtlcHȧ.#Kg__c]`DB\'K^U2}rcǒ DB;%ܩe=y~\01$@w\'<ēRkౌc$^GmHS$4<@Ⱥ\r\\YRyQ>*~<@5__c\"LGU4ӝ\ZKfgg$u~<@נ[ b>?1EyZKkPf|\'/$M̢_۷:WVw2fcǜ^Iv?R+v9?w\Z-՝}>W<DBK;sy\"ñap`F䱌c\'i6Bcǜ^HGUy#1ǒ DBWJm|؅78Oo+<X]~k+yi毕cD^K=_5z<^F<$H^4ܳ玮F<\"ݯូetv5g71c$^Kvz򯹓r>8͌y<@|Sו}u?8곒9cɐ DB[|3ו}u9\Zӝ|cd??흝3g\rY1<D/%G=yC^V%s\"ូIY=K䞬᧗Ɍc\"Cg$q&u;}s]	j:F1y\0t^L|3U\rVp1|z는lќueo$2cO5D/\'_zKޙ׫+zgD/\'zgj28quDO^P^~ܓ1y\"DB{uה5[aOe<r$D/\'W=yC^MlKے^F<r\"@|3ה5tvXJpTוsq8H9ۑy<@K^PB1x>Ur<]/v[7\r	mp,\0JY\'ĉ	j\Z^\"8E4qRޝJL,FY\0*巕\"!y=>	j\Z;-y<8l/L{eGgVVK:r<\'D	j{M(7/a(᫊@~h	v]*[#fGDBi\r6~#\\4nO\'Ȉ|\"DBc\"ٯo9i\"ۯm6Mm$D/)W&io8SqN)8Cq!7xm%$H^SFx8&(x֞gɱm\"(D܈qIJTvzU3XȱbbqomzD6_2X%ʄDgI/*|\nɊr#ĉʱt$RB\"DBZp𬐖m\"D/+vr D!<Od۰K\"Dll<$!DD/+v2\\JD6,imBĲDODH۳2\\DHD*>oI?d DBvc%ʈ݈,eDO\"۰K\"[c_4_2$D!y^/a!\"\"\\U\"$D!y^/a!\"_,D\"\'ĉ^W̐KWӑD\"bX1\"z͟<;|B dHx݃Q#m%zF7o3yf7i%-yVhB dHxWr6Y!#K$ExwFuf鱛\rrn@4)3W$\"u[Mm9EL}rB\"btUɜpp7\rnc6<=\"pc\"uΫf\"!^U2CM«,k8Dwoim6r_\"\n*G(\"d2]yq몛qoo\\wk>D!?h\"!KHc%ʈ(ȍ5:C(kn7͢MȜ888>d\"$	h\"嶫:c%ʄEy2lu%$HBHc2##|,ے\"#\"D/,Ce>M8\ZGFHoĲDHHoW417nuf63c63c6lBƷ\"	n3gr=Bz$z8zzOOI==\'ԞTz:EУгs=48l7EDD!ˬ6)F8C|7|7|7|7!8GnEp7=		BJ11+\rǄ𶞞Ӄa3vFnc63c>=skaHB毛al6\rt7Manal6B\09v\rE\0|\0ClI\0.\0\0\0\0\0\0!1 \"2PQ0A@3B#Rap\0?\0ݩYՑ#VF\\0.\\0ap\rp\rp\rp\rp	p	9Oo\\_ݽ[ݾU}SO~5Ə><mǳoZ~E4	#}=Jղh7S).SÆ~Wx_=o\0|{7UjpįwJqwvcqr;j\\O=OhWzn#3QbGA_g\ZM۵S΋ JS\\֙>ʧm-T\rC=QDC7`>DR1莺^`$[aȃSW5~7TِG#6[Lt7)\0HTGP-M8C@)\0azuGsT*@ʞF\ZJ{#Pvb]`UT6eޭޝR\"G+5_\n5\\ʤӜ2\n`C/6kA|a̳FRXCB\rtTDb5\n`&ƧqLtn]\rhpB*!jU=%Bkzu\'4IP9;Qgnm\"+͒huV3jF-]]6P;ÎC[v1fU\n*]*,0j,\0K+d&S s9Tn=q&3UҎWno*tZP<vA\06>O{=ổjc픅+2Bh1W(i4&+MT,*iɷeUٞJc3YD$\n)T@&2m[ͨbN[zH]a6)!\nH4\r:ɟ6lyk؍\"L<|g}0u~S\0,uM9Lz&LنZ|r5ʣ4P=}\nzMV0j4Wb-:ۺxI*vml6V \rlGmǪ>3tޝ2\n#E]tBwmسٜBo,t|釶wMhhrp;|ēJӹ1PjW9y[+6]eagyVop k6.&2\'Ur-sgf	pUD)wqM؃\rX\r[zyOg+A&M7+m:l8+4ÝH>U<iΦÍ	UE4]l9[3l9^Rֶ\n{6i4]SwO-HîLi7>Y򻸦g1faUz?`t9SwOOhU\'t*\nHKwaMϖr;rF~F	J7U.*nzϗ6\ZLے,*\n(Q|5 . \\U+;bTg+9Yp̏ӟk\0\0%\0\0\0\0\0\0\0\0\0\01` P!A0@B\0?\0W%G%+#*MthG.p.;$C\rAG%ZY@pui=WF\n \nenFa#mCS6\rt`@6rYY\\;Yۇ@5\0ll 8hcHh#2:q@.P\0\\:2eú\ZúGCh#Hv7]H\\Ƞa\0EMCajI5r\\t\0pˮGF\Z!&Eh͇u\Z#aEA	a0rl;CqÓn\rh!هH!\rAv,7ZjECJ(mCLNƖ?\0?\0\n\0\0\0\0\01! \"02AQ`pqa#3@BPRbr4$CS\0\0?\0~=)^oUTjjSZVZjVT*PnMUUUUUUUUUUUUUUUUBX-`U\nkBX-`X}ְY|4z\"NT-WPвj.%d;ܮ7ꦦEE%u55yN%5554QDzpEwNNA;r욛oeoeX{.6ȡokTxhc5CBGr=ShT51v]OE51{Xz\'7S腽=SN荎ꜜbm꞊mcA16\'\"bm=S#6S腽=SNEIQ*i6.ȧ\"Mr*i9cP){XS#Gkd풭M<g\r[gd<6:m6y,~#3ç$~OO|n?8ڊz﫞\"\rUUUUttTTl:D<2%ɒ\0ޱϺauH)nS`9-ؤ)pA\n{g9#B4|fB5%	ܣ?	C$|Ib\"we\0~IPϬF(ť^7X4ˣab5\'p}KsHMeHg?N2g+8a9KJ$Hde\"UtXptGlܝ7]\rN94tsQa\Z~baÑYFyey ƿ\02D%B?\"Y1pj1W]aG e\rz&L&{l)VFh6Ck꼫67UQxN\r{e\0nj\rhZ/`wƉ\0h#t%g$L9u\Zڔج53;J\r\'	s2v-2 iRʪF~aw({cMF!طd%pk4n\nsnyuƥA$/Oyt䍧H,:8lBa؜E^fqeb5Y;j1{Cj`aڽ/_CD/_Cjׂ{*@+B?DG{Bx_RitCZ2_a9\0IW/t;!vG dl\r\0\rP\"{\0tu<@ڌChvmLƴ9M^lh*|V,6K	֢ۿ\n!+nv*#`9l#,;Da\njc<MxڅߙF\\^-)x75zz\\@kD$G\0zw?OL7ȼn	iij<_=y^!iq^C^Xf\\x|b)S{x^D:v^Xcw=;d;yL1%T(~!!dP|\0B(^.A38(:d6;N\'Ms$;W#9]Z0/Qy5\'HlZ}7DW\rq.\0\\nSc\Zӽ9}Pai#D^s UwF:	0z&!j!ָFl\'UC\"ɷ]94āE5K[@EQj淪I58n\\PПgP$B/eʻL7`2xMwM=l.62U-X4^PY87[@xhNmP 1xò~{LM3k#]\'t>6\')G&><ݕ8\"y=)F	bzR9\0l.&Nap\Za.ȋR^oʻ7&Cq|\'M+:6ˈ\nP 8e;g^ԯ0gQ5H\ZY\rj1Ãyo#xLbHz-e8ޝD\n=JZ̜\".\"x\'5\'B0 ɷqk\'c=S<<6ttd=-8	$ɝH^5*]P1\0	D[><|mYP蛲!Md1>p)qؙWdHJS^3?e!7ˊf73V	_fE&xhoǐZ݊DNDyeׯ5\\\"5&.0Èkę5Hw˂l7dLW\Z\"`6sr،1AŸ!Q|1oiRn@`2X)_zd;w\ZM3&]bp!Rlq!\0_\rӺvc8&6f%\'QDb>!Hz /;˜.7uqs.ᒸA\"BLEa|?E%	\rә5XDw)\'m١,c!8߹6\r#vAqląRt#DC4g hL:Z-<:Sy)iڦ9CU yS[l=,=9Ð\"dG{\\UWc(\Z9iJe\'TSdA%+MQs5ʥQ`%sdd`kn*\nVU#ȚV;?=t245:#בDz+)Qw$\rQƃDmo]\08h\ZS i:#kzيȞA5L,<ntN4iH腣\'@Ppt&rRЛ[#$ ޶בgy\04&hTLeUxhMgov	ȼV^/ؙ pR{	~\rWMsӶjpBymlB)uH{e@#UγＦ3w:\0܃H=rG \rcǂZdSU0\rMg\Zvml?:_06_ΆʯryI\rjhuOe`7\"|jWpRáTz\0#cYm++T-Yk(U,>9{µUW\rX5UbZʫV\\e0p*Cm7~p\n\n+o$$-i\rÒwFl\\hVhOw㡠ZT)`YL*YEEEEEN<}k\nՋn8#UoT3<q\nMd`G\\unE,ZYk*丝.mXqіZi46i]9\rZP-@@*LrZHXȋ۴TȥTT$FE,ZYk*m[VյmU*Yk-`,HYEObV*UjBU2)EK)_4_\0.\0\0\0\0\0!1 AQaq`0@Pp\0\0?!\0FLV\nh\0!R/g286_G#;99#+%pN98CCCF^}srŗAބ&(Rqih)DD#Zu*Ԇm]=3HBtsR܁V\'RM\"4.(-3V-:YFnmg;NŀX,I{u+Iܬ7 vp\Zw#,`JZ\rJ	0vd\r%iv4G|k	/3~U9-<hO\ry\ZǴY\Z2灥z7KtBв*5X϶5>\rhzw?0uo`Z?0t0ϸ_\\jO/0\\sZuiJS-*|wR`->s6:gܟla:Xo˽O^`\0{ǂ4~\'lR|\Z{}hЩ^|>Zr4{˨Tt,9?!C\Z|itow_ΪਞۥgdJ&\n:FxuCjeRQiw$SF7I:&:jHI2w\r\'B)u%KfW*U}#HyAH67fE\nu8I*һB+I:4bPGN\ZtB.Ga]%ZϱR	췰9GpL8Fu1T5\ZCeIAYadN\"ԾdOs(I;@o*7nf\n\nRSmA΀\rJhxQbebA 19\\|+f9R\" ,aa^3h\r\r\rG#Ekdfbc^\'\Zd=HIl\n񕅺D4Arn¼kɱqcx\\<xzv\'Ɩ?ű0%Di:?F:[#J\0xH񩸪!~6^DZ#$KvV-kgм^G:JOE:jE6Ңi90cHUyE*|	x{k\nQ¼q\"[c2mXؔX9Qiɤ98zk!ZɢyOba^8/, \"\r34gqIZ|1)/[x=>,cު#q-:<&eߢƔ.eغ`^88,ɥW7gCnB\ZS+CdFi2tƵo{F<^8}Ȅ<@3j%iɦtI:]~[G|enYNltb8cʫ*&2؆>\'_B(\r[܅eҲ%dr;<ƬU|ǕoRBOX@rfh?2-*\'ToD~R2\\jex581+X&\"Վa% tԤ$jB#.1mڭ\Zy4%c-ߜX1\"wu({\nE[1DeR\r<FBQܩTse)I}Do7!-L_3C1=KS䫈X_\"\'I*Z(g&vHXRKgF\ZT׽:T/MUs1:NDR(䭕LUza4!Y.؝Q(}FYq531	Z_lc\nL+Ǘ\"`?UH{Z@$DrI4j+~O,L&	vFg.dr!6{b<r³\nEeL/cD*PYD1VC\na1u	$A>Z0xX[,d{=q{xk*p21,)\rl\rMHdFåq<[\\,J?.6\"2ppx4+㣪oZ$1k%1kBTf]l\"5^D =Cvn!9P:x7,ϥzx7)Kp/HG\"UiҚw\n֏[{iHn܏D.b91E%-;QUNH`<-¼}#YB-lIG7(nZlM<lapI:çgm\'$t\"\"UR۱P(P}Z=A	g)s(KerM\Z.Gf)*jKR	b})q\\EuS:-bd.Cݦ%x*EmUGHh[n4dǘȗРBCjI𣘖?܋$8egfϨ IpD\rGvF9\"pZ_lɦT0.\"Y\\m4K(<#\'&\Z.)	@!:Am{N=B䪷T!m+8\"!/*1D/JPr2\ZlBfӂsV.ֲ&09*z-dE+RH!`:VNi>tl#x踧Bmh>RZ&@- R!0U)SIe)zLl:8v\0^,yvH}>	/DЅRie\ZT\0P$w\nUeHjj+$iE_KTԚGTUo:DA x~:Q\0+2%ނqPf4֖Kk71g#K\Z=K29cPW/,^>\\\'PE+,\nIG\"\"j\rz!W:O/jh[!*kB5\rvUYN	|8ױ5E֌죡u|$\'\0Aa^\nzp}=JB7\'tiIk?JTSsfŜDa\\TZ搵>잨	4x\n4dlb\'H#&ұ\n$maLhnp4Z\\Z]aW PI	+U.AMlh(+gܠ%/ycfd^ɻ~Krwl)*a-8\Zpii1] v.xxIkTOߩfJHo@K5DOvP)	)$*\n`\Zާ(ND6nWV_o4\ZUQ\\%DikQM	%]$(2p!XW8A&*S\nlJZXE=jG7D$J[4=t%\\1i+^	i%{$^\')>	w&B<˅^B.kh&n+R4zqq&bzDAh38rZֵV&w@\",+>DlܒY*69V={ֲ~y-B:EXKa`ٙ9i+ aʮh\rB:qaZT-h\r)!,CR)FJ(H$ϱr0JO6t:ІQ-jphhDӑPnl_U͑-:Qar|ؙ\r\Z*hLҫl_B/Rly$^B{!5.Z\nU#OG_H^l~y\rB+E66y\Z^ȵ8š?cB1n0OCE.hgv-ac`j_!yw>2,/>#Jy&DT!k*A!Yqs1]e+=gX#eYZ3ʹ%.?B<y\rj.ClI=+gB0~^^Di)=)=X)\\&C28F|~%X;^I\nKi_1`!y\n#BXHnB^`i!fY..}v1Ƴ\n/UZ\rβ]\\zcyeȓ,yoڟѸdx_]0lx!phpj--G)zy`B2aAb,VWr4c<1!yذܩ iilrJ!`݊OrdSck1Sx!dI.ġpCJl^I`>F\rC~x[/Ȅ<bzR_!`XG[_+/#fwP,tq}#4{,cy==\"+$܌fthxK݉:-õYiŏ0s_Bng\0-rE:<n;YxeE!d-	ss=K$zǈq!y\ZUuc+=f\"J82<cG^bt+dUN\"Bǐ<yjz(yWOgr-\Z0fa/%yWOV	~#1,K=G\ro*.25S\' XQ0_yЏ9e\"jWȒ댍\n2X}\"hE_EO4Eѵeǔ̄/##b4Ӫ$&K7uϜ\nsG9?kۅKnFr<ǂu!4.~ߠ_PERi~}<yEeV*s!y-=ނ>?D%H\n2uWl2PEtB cvVBU}\"dj+O;e䷺G\n{25ilt?CDqCŤJ*wq\0x\Z^KAg*%渲pmvdiff-H&!>&#htyfB}ܘ;7\"?8-%ǨE@W+r(>5yX8$YSb<pO~eqa6rDh)iE*XT%!M-?	Vʕlǁ!\\n?CHF%{DȂVH[mJ㗾	Sxuar>3zSxd]ȕ)g2)rF$CSM.#MJw>\0hZЦYm\rTd6Wx)إBZ3n\\+$4LNm\Z<.2Tf,B#̥!lcfRvz(BD6<LD/\'Xi$I$N	$p1coȗ-uG]{w#o#ě7#llc6ibaJ|u{\Z%q&={?\'=Dg! RłBğ\nI6GA/Oȵ[U\ZkGȝ6<4.\n.@uR骞\0rfG(gbdH,K\Zn\nɍ4I\"- BS,*BwV*VH^J$/)ص\n<XA^XJaA1Ye\n f8S\Z&BY칚VEd\rƥ	7E^+¢\"^Uo.3t[y?hB֩?Bc\"}<ҰXWz;/)rCt/l#Wt$LyU[ndD=x]r̑`e8Ht({}gQl\\gGj<^Cy[2EV{/hX,.w̕Cŗc<\"H^UI~XR)\\KbAFa%O<bwcْ!yO.yb\rQ$cA2mEXIp#P_FP9%<\"wud/)TPهԗh.F>{DM3OG-XSTv+]z	YѤa[ˡb1YBDia}z;g0âSw311OaFнƲQ(	JLxmv\rWz4V	ao/Dعz_LHS~$C4T&Krx&OqjjW\"G[!`j\0C2C袈*+I$Iw(U)BM={\"8ǰ):n\0Ñ-%F5ʴv l=ċVDBcp:Cq_9o+L-\nb`$B$&$QPX!1 ,D@r<(V1fW\nD;܊\')hcwvI$jkw$U\\ AʡldlQ7	pq3sa-MbNIZ<C&$$((\\ar/*[m$٠>uj?B+p! 9!\'OH\ZvcAk4a\\DD!`+jYal6GvLGall-ab%a\rYfƂ׫j/G6qp6267ɂ`A!yk Ɔ#,vzq$ !ys1 0\Z ABHBB44ADA@AAA /0cŐ4@\"A  0A					X1dbCDAAA  @\rAAA@A	!`o `#  \"ȼ1  0 0`<  # #####0  1 <0\"AaA\0FFAAAa2y\0\0\0\0\0\0\0\0\0\0\0\0\0\0\0\0\0\0\0\0\0\0\0\0\0\0\0\0\0\0\0\0\0\0\0\0\0\0\0\0\0\0\0\0\0\0\0\0\0\0\0\0\0\0\0\0\0\0\0\0\0\0\0\0\0\0\0\0\0\0\0\0\0\0\0\0\0\0\0\0\0\0\0\0\0\0\0\0\0\0\0\0\0\0\0\0\0\0\0\0\0\0\0\0\0\0\0\0\0\0\0\0\0\0\0\0\0\0\0\0\0\0\0\0\0\0\0\0\0\0\0\0\0\0\0\0\0\0\0\0\0\0\0\0\0\0\0\0\0\0\0\0\0\0\0\0\0\0\0\0\0\0\0\0\0\0\0\0\0\0\0\0\0\0\0\0\0\0\0\0\0\0\0\0\0\0\0\0\0\0\r5q\n]lڦ8˷$\0\0\0\0\0\0\0\0\0\0\0\0\0\0\0\0\0\0\0\0\0\0\0\0\0\0\0\0\0\0\0\0\0a$!0tTe1Q\'\0\0\0\0\0\0\0\0\0\0\0\0\0\0\0\0\0\0\0\0\0\0\0\0\0\0\0\0\0\0\0\0,@)B@D\0 \0\0\0\0\0\0\0\0\0\0\0\0\0\0\0\0\0\0\0\0\0\0\0\0\0\0\0\0\0\0\0+bܹTU`!p\"(\0\0\0\0\0\0\0\0\0\0\0\0\0\0\0\0\0\0\0\0\0\0\0\0\0\0\0\0\0\0\0/AHBia悓ŀ\0\0\0\0\0\0\0\0\0\0\0\0\0\0\0\0\0\0\0\0\0\0\0\0\0\0\0\0\0\0]\0<xI(dQ1H-c@\0\0\0\0\0\0\0\0\0\0\0\0\0\0\0\0\0\0\0\0\0\0\0\0\0\0\0\0\0\0\0EZ\0f03AD)(TX\0\0\0\0\0\0\0\0\0\0\0\0\0\0\0\0\0\0\0\0\0\0\0\0\0\0\0\0\0\0\0\0 Z >8@Y`*^\0\0\0\0\0\0\0\0\0\0\0\0\0\0\0\0\0\0\0\0\0\0\0\0\0\0\0\0\0\0\0#t[t :l@q*adFŨ\0\0\0\0\0\0\0\0\0\0\0\0\0\0\0\0\0\0\0\0\0\0\0\0\0\0\0\0\0\0\0,H醉Ɂ&ARh\0\0\0\0\0\0\0\0\0\0\0\0\0\0\0\0\0\0\0\0\0\0\0\0\0\0\0\0\0\0\0f)lށg@D1Z\0\0\0\0\0\0\0\0\0\0\0\0\0\0\0\0\0\0\0\0\0\0\0\0\0\0\0\0\0\0\0ArpVy(ʶ,\" \0\0\0\0\0\0\0\0\0\0\0\0\0\0\0\0\0\0\0\0\0\0\0\0\0\0\0\0\0\0\0wDD8\'\0\0\0\0\0\0\0\0\0\0\0\0\0\0\0\0\0\0\0\0\0\0\0\0\0\0\0\0\0\0\0h\0\0\0E@0C\rQ!  j\0\0\0\0\0\0\0\0\0\0\0\0\0\0\0\0\0\0\0\0\0\0\0\0\0\0\0\0\0\0\0\0\nFǍHLA(Ýx\0Z\0\0\0\0\0\0\0\0\0\0\0\0\0\0\0\0\0\0\0\0\0\0\0\0\0\0\0\0\0\0\02\0ߍA\0d4YBC=D\0\0\0\0\0\0\0\0\0\0\0\0\0\0\0\0\0\0\0\0\0\0\0\0\0\0\0\0\0\0\0\0G~\"0)ÓP\00\0\0\0\0\0\0\0\0\0\0\0\0\0\0\0\0\0\0\0\0\0\0\0\0\0\0\0\0\0\0\0\0\Z2m@K\0(Xk(j\0\0\0\0\0\0\0\0\0\0\0\0\0\0\0\0\0\0\0\0\0\0\0\0\0\0\0\0\0\0\0\0	I3\0\0\00xX@\0Z\0\0\0\0\0\0\0\0\0\0\0\0\0\0\0\0\0\0\0\0\0\0\0\0\0\0\0\0\0\0\0\0D0hD\0\0\0\0\0\0\0\0\0\0\0\0\0\0\0\0\0\0\0\0\0\0\0\0\0\0\0\0\0\0\0\0\0\0W8sͱP;h+AA%!0\0\0\0\0\0\0\0\0\0\0\0\0\0\0\0\0\0\0\0\0\0\0\0\0\0\0\0\0\0\0\0\0CV/)DV?ݘ0=m,b\0\0\0\0\0\0\0\0\0\0\0\0\0\0\0\0\0\0\0\0\0\0\0\0\0\0\0\0\0\0\0\0ͼamVo*X?«ę$*\r(P\0\0\0\0\0\0\0\0\0\0\0\0\0\0\0\0\0\0\0\0\0\0\0\0\0\0\0\0\0\0\0\0]a顮\0|lNJ\0\0\0\0\0\0\0\0\0\0\0\0\0\0\0\0\0\0\0\0\0\0\0\0\0\0\0\0\0\0\0\0\0\0|1 <*ӬjF]\"\0\0\0\0\0\0\0\0\0\0\0\0\0\0\0\0\0\0\0\0\0\0\0\0\0\0\0\0\0\0\0\0\0\01T1:^Yzh\0S(\0\0\0\0\0\0\0\0\0\0\0\0\0\0\0\0\0\0\0\0\0\0\0\0\0\0\0\0\0\0\0\0\0\'>\0`?\n*\0\0\0\0\0\0\0\0\0\0\0\0\0\0\0\0\0\0\0\0\0\0\0\0\0\0\0\0\0\0\0\0\0,`兢9*\0	\0\0\0\0\0\0\0\0\0\0\0\0\0\0\0\0\0\0\0\0\0\0\0\0\0\0\0\0\0\0\0\0\0\0Llt,5\n(z`\0\0\0\0\0\0\0\0\0\0\0\0\0\0\0\0\0\0\0\0\0\0\0\0\0\0\0\0\0\0\0\0\0\0\04	d\ZIU\rp֬0x\0\0\0\0\0\0\0\0\0\0\0\0\0\0\0\0\0\0\0\0\0\0\0\0\0\0\0\0\0\0\0\0\02(7$\0\0\0\0\0\0\0\0\0\0\0\0\0\0\0\0\0\0\0\0\0\0\0\0\0\0\0\0\0\0\0\0\0\0\"z릃3C;RR(\0\0\0\0\0\0\0\0\0\0\0\0\0\0\0\0\0\0\0\0\0\0\0\0\0\0\0\0\0\0\0\0\0\0L+N4N:Pa 	J&@*\0\0\0\0\0\0\0\0\0\0\0\0\0\0\0\0\0\0\0\0\0\0\0\0\0\0\0\0\0\0\0\0\0\0Wze+4pĄ\n<\n\0\0\0\0\0\0\0\0\0\0\0\0\0\0\0\0\0\0\0\0\0\0\0\0\0\0\0\0\0\0\0\0\0x[Xdv	bg0W\0\0\0\0\0\0\0\0\0\0\0\0\0\0\0\0\0\0\0\0\0\0\0\0\0\0\0\0\0\0\0\0\0nz$%b.b\0Lp#\0\0\0\0\0\0\0\0\0\0\0\0\0\0\0\0\0\0\0\0\0\0\0\0\0\0\0\0\0\0\0\0\0\rT7V5&5@*\0\0\0\0\0\0\0\0\0\0\0\0\0\0\0\0\0\0\0\0\0\0\0\0\0\0\0\0\0\0\0\0\0\0T\'\"t5hC	*\n\0\0\0\0\0\0\0\0\0\0\0\0\0\0\0\0\0\0\0\0\0\0\0\0\0\0\0\0\0\0\0\0\0\05BJ(\"m4 *\0\0\0\0\0\0\0\0\0\0\0\0\0\0\0\0\0\0\0\0\0\0\0\0\0\0\0\0\0\0\0\0\0\0\\@jr\rOD	* >\0\0\0\0\0\0\0\0\0\0\0\0\0\0\0\0\0\0\0\0\0\0\0\0\0\0\0\0\0\0\0\0\0\0V$1@ĝ̰\0\n\0\0\0\0\0\0\0\0\0\0\0\0\0\0\0\0\0\0\0\0\0\0\0\0\0\0\0\0\0\0\0\0\0QkP@^ 0p5\'Vl\0\0\0\0\0\0\0\0\0\0\0\0\0\0\0\0\0\0\0\0\0\0\0\0\0\0\0\0\0\0\0\0\0\0\0qju=\r\rn\0\0\0\0\0\0\0\0\0\0\0\0\0\0\0\0\0\0\0\0\0\0\0\0\0\0\0\0\0\0\0\0\0\0\0\0Z\'B)H/UDS\0*\0\0\0\0\0\0\0\0\0\0\0\0\0\0\0\0\0\0\0\0\0\0\0\0\0\0\0\0\0\0\0\0\0\0jU SC0Y>~\0\0\0\0\0\0\0\0\0\0\0\0\0\0\0\0\0\0\0\0\0\0\0\0\0\0\0\0\0\0\0\0\0\0\0B 0Pd\0L, o;@*\0\0\0\0\0\0\0\0\0\0\0\0\0\0\0\0\0\0\0\0\0\0\0\0\0\0\0\0\0\0\0\0\0\0@u@EbTq@<J\0\0\0\0\0\0\0\0\0\0\0\0\0\0\0\0\0\0\0\0\0\0\0\0\0\0\0\0\0\0\0\0\0\0@%	Rt\n_KhR\0\0\0\0\0\0\0\0\0\0\0\0\0\0\0\0\0\0\0\0\0\0\0\0\0\0\0\0\0\0\0\0\0\0Bp(V}Ñ\nQ)X.\0\0\0\0\0\0\0\0\0\0\0\0\0\0\0\0\0\0\0\0\0\0\0\0\0\0\0\0\0\0\0\0\0\0	f@CUp\Z\0\0\0\0\0\0\0\0\0\0\0\0\0\0\0\0\0\0\0\0\0\0\0\0\0\0\0\0\0\0\0\0\0\0@-Eg\'Ā$\0\0\0\0\0\0\0\0\0\0\0\0\0\0\0\0\0\0\0\0\0\0\0\0\0\0\0\0\0\0\0\0\0\0\0x2cBssY%\0\0\0\0\0\0\0\0\0\0\0\0\0\0\0\0\0\0\0\0\0\0\0\0\0\0\0\0\0\0\0\0\0\0\0$IELVh:`\0\0\0\0\0\0\0\0\0\0\0\0\0\0\0\0\0\0\0\0\0\0\0\0\0\0\0\0\0\0\0\0\0\0\0,eG-ePEydBP\0\0\0\0\0\0\0\0\0\0\0\0\0\0\0\0\0\0\0\0\0\0\0\0\0\0\0\0\0\0\0\0\0\0\0mUBTu\'^\0*\0\0\0\0\0\0\0\0\0\0\0\0\0\0\0\0\0\0\0\0\0\0\0\0\0\0\0\0\0\0\0\0\0\0\0\0\ZlAg\rw}[Y\0\0\0\0\0\0\0\0\0\0\0\0\0\0\0\0\0\0\0\0\0\0\0\0\0\0\0\0\0\0\0\0\0\0\0\0\0NI|UDmYS`@\0\0\0\0\0\0\0\0\0\0\0\0\0\0\0\0\0\0\0\0\0\0\0\0\0\0\0\0\0\0\0\0\0\0\0\ZqqUEE+@\0\0\0\0\0\0\0\0\0\0\0\0\0\0\0\0\0\0\0\0\0\0\0\0\0\0\0\0\0\0\0\0\0\0\0oхqc^eͬdx\n\0\0\0\0\0\0\0\0\0\0\0\0\0\0\0\0\0\0\0\0\0\0\0\0\0\0\0\0\0\0\0\0\0\0\0\0rDm\'IN9J\0\0\0\0\0\0\0\0\0\0\0\0\0\0\0\0\0\0\0\0\0\0\0\0\0\0\0\0\0\0\0\0\0\0\0\06MYeAIª\0\0\0\0\0\0\0\0\0\0\0\0\0\0\0\0\0\0\0\0\0\0\0\0\0\0\0\0\0\0\0\0\0\0A7SM&!Ij \0䪠\0\0\0\0\0\0\0\0\0\0\0\0\0\0\0\0\0\0\0\0\0\0\0\0\0\0\0\0\0\0\0\0\0\0\0 \n\r.술*\0\0\0\0\0\0\0\0\0\0\0\0\0\0\0\0\0\0\0\0\0\0\0\0\0\0\0\0\0\0\0\0\0\0\0(6uf7[g-+h\n\0\0\0\0\0\0\0\0\0\0\0\0\0\0\0\0\0\0\0\0\0\0\0\0\0\0\0\0\0\0\0\0\0\0\0\'Q@U0 )`(\0\0\0\0\0\0\0\0\0\0\0\0\0\0\0\0\0\0\0\0\0\0\0\0\0\0\0\0\0\0\0\0\0\0PFMRJ\0\n(\0)\0\0\0\0\0\0\0\0\0\0\0\0\0\0\0\0\0\0\0\0\0\0\0\0\0\0\0\0\0\0\0\0\0\0\0@6TQA,0I(\0g\0\0\0\0\0\0\0\0\0\0\0\0\0\0\0\0\0\0\0\0\0\0\0\0\0\0\0\0\0\0\0\0\0\0\0\0|y@(\0\0\0\0\0\0\0\0\0\0\0\0\0\0\0\0\0\0\0\0\0\0\0\0\0\0\0\0\0\0\0\0\0\0\0]YE,0h$\0\0\0\0\0\0\0\0\0\0\0\0\0\0\0\0\0\0\0\0\0\0\0\0\0\0\0\0\0\0\0\0\0\0\0\0\0$IDT\04\0e\n\0\0\0\0\0\0\0\0\0\0\0\0\0\0\0\0\0\0\0\0\0\0\0\0\0\0\0\0\0\0\0\0\0\0\0\0\0\0$LTe0)`\0\0\0\0\0\0\0\0\0\0\0\0\0\0\0\0\0\0\0\0\0\0\0\0\0\0\0\0\0\0\0\0\0\0\0\0\0\0@0 -85L\0\0\0\0\0\0\0\0\0\0\0\0\0\0\0\0\0\0\0\0-\0\0\0\0\0\01!AQa Pq0`@p\0?\0ݖl	mq.Ŋo5\ZGR:Ԏu#\rHjCS巆3VCخS!uv+\n42\Z\rb	`+.1g-AY#!g,dNW]V]Ggy#/qv\'QQc-8$O2I$d$G\Zyii$\0jܵ?|˞Q\0)Qy}W]7^OCfq,zhejF\'k	#D/U/x/L\'9Q\rD[Uy\Z5\'?}7BW\nHF0GgHʌi^dr&\r;H]|`\'\'q\"G:=I?D.\"u:b-Wꍉ\Z(/E[^)-]:ЫQi|_Вy\rGg:SbңR!ɵJ\Z$6.@vU>AH\rȍl]M5+1bؒ&CphBɁ։R!>JtqVU]71l\Z=ChL6#El$n%8	XGBpJ\Z3,HdN؎7$+)&\\tN|SX)\nbq6\0JHFLVI!XZ| l,hi2{f2d$T#z~NH;HYG1,L0U\Z2X.5zcdLm\0BS5hDC)I317=?1q+^°%Xg˘\0P&/apc6r꿾W!`!&(via&0})	[8Xk5\Zi;l솔k2%JI%rZ/e\Z@ؐQ(t Xap@W7VF*~,r~Ś*ioLsyI|\0t)\"Tz\r@$}w3č,7&VF2C3ѱ^1FzJdt?юleM,C4h^$gT*HzLcymCC6~)4GkM/.oOr} {I]E\re[6$DDiff|_ޓ- Kbл#!4=\'{\'lKw{m X#;$ۄF`*HI$;Jà)l.;2wHTn8\05\\Y&u&Qq̴tCڸ;hFDuDw61{Sk{xIB\"hU\"];JZCݍO*!VSCTRaXͥ?%\"DƮ(\rTeT2G@>EHhh\r4[\\.,EIA<a\0)3m5U1\"\rqNFJYFDL©J\n2lT\",:p5lt|\nc]BAeݰ\Zl=fݙ.f,&ZOY	sBhٌny5oAiף7_kI$w~$K%ɤI?O\0\0$\0\0\0\0\0\0\01 !P0A@Q`aqp\0?\0݉RJ*TRJ*TRJ*TRJ4J`2\0ʺd7s俷\n>KK]+.dkID\rdPk.mP^7,qqŏDJkƬ*LkڊxGyFb%}Y4KT@͘;r,=hMU)Tk܃\";\"6M1oԵwŇӒ#,#w?[NM<KXA)(#lo\0]K\0\"\r9a\05`Zb~]g\n-=L:i%/}`SR\"[#h|.\\UY#Xؗ#WL^J]%S򛏤-}&7p=GՍ4d:|}-XpOV>z=)4,AEa\rzf\r\Z&-ì7xa¶`u>úf]xV\01_\\A?QWyG8\\>Q),z\\CO):zQӇc铣\n%<OTj:qƆ:xhu냕6\'j:;q48q=\\)A\ZŊ2Ohpo wi`l%56OlGP@,7gsglu,e~1ldbVH~\rG׹x8R//Ë{8>a\'F0\na{!ÎQ~drdY,K%˗%J*T_ܼܹ,\0+\0\0\0\0\0!1AQaq` 0P\0\0?\0Ĵ!Rqn\rĩu\0GT&G JbW]vЛn\rSbȿ>7ocgpD&?ݟ#[#1p<3{\0t\0l\0\\@\08?\0@\',\0?ɟ3F񸏍~bAP%IH\")JOabM_E\rBIjU؛fI.pO8i{/qYˁk\'a6l%L6)(LiUu\n	ԔS^JZ\'G^F9{| J!UjURRm$sII)#d#uI]$:GDr@IWY-t<Q&nM	E\\\rHM^DF[kGR2\nؕJXZ&)MMaF@4=-*6}U\Z*ܳ+x/V1ґ5<?ucQ-\n>:Z+HپK_\nٔ+)<}/lyxdKg~N~ȓ(&f:_c-O<82J?l<C|\'@\'t2eLߒ:\nNq\0{+UQWKt%J/F9TWM\"Ijf[jlȞBʥxrJ,zgaYЮPoLYHOPԻyQz\\xs,*zX/*BvQ/߲M;W$CL޿$~IZ5_ȏv)92>[jW,ȯvL%7O};*sva:LBð%ȜjJ4^opz6X\rCu(xC	zGj6=lae!UUW(>jc^s_<?xmg~p+~dG/E,SVص_;EEPd~B#q!}.H혀ޢ~J!YOѼI,\ZB	W<duP6i\"Ql?DvCqa|Eybr\'A|^	)PׁԎυZPjm9\':*SҶqbʊmQnd(64=2mt\",5ؚb>丵S\"iGRFؼUr*nK$ߨUyD٨NxH@ITOFʃ(*Ke\nSuIҕu}E#pR(U:Fy2UqAbn*҄h5j{U.-CtT5/y5II-RԌ\"pGr)ʙiJaؒU%YQź*cQ%]ubB^!V>,,7FjJAA&	JH4.Bw5+J:%3@6{Wqimļrݕ,!d`L\n`Hi:[nw{̓|\"FLGPQP!s6hɲ8[j\'qhMTT*vf\"Kn<Nw1,,ě%t<1%\']Mls\\n2Җ]W@.\":0%!\nLVz-qwu7`b+q\n;<՗\"\ru\Z%R Ⱦ_),FH*\\]EAb-WMR!HbsdBګ\n\nCkAn5JXW~KrZ+_~a]\0ؐheçzsđsHV!.D\"(-;*],U)}r<}5JReO]E_W?t!|[(.ᆆAYQ\n؊;wf?`]tZaH.0.Z\nEb?ic_Qy,/t>V+¯r\\M8,lS:c,DrDHm:`G(L[WEakfa\rK!hdIԆjJsunK4ܤ;T;p.5M %*:H-T+XBHB<ir*ȡ nJ-Zm-4!\n\0#eèBV#b/Kw?l+s~D~ȗ:@\n°#L\\uCT;JET[Rn/sbD\"\"5FhjTȈY;Ђ8#Eo,$\nFH\"wnG$^cc$kjUu$u\"Q	M\n[&ࡋBƮ5A-ƺ)zA.A	sR>G]RhB\Z%C:*l-j2\Z&D/\\	%JЅ|6z?%fEW\Zu\Z\ZH#\ZE隣p-AR<hB$.HHV\rKߵn-ŧ~W.DP\r~T;@V#:adxඋ9̰;zװ4\".5Ll[Yh,,_o^SB.4j\Zu#b*GA؏PfTۊ߁\\l[7Z$`DM1MmFu(28]^ʶBZ/sBB|@aPDPj\Z\ZjEEAi\ZF<ښ-ȍ)!-0--]Nǚ\rF=ƣë*RhV0ꠑwa\"\r\\hh\ZE#[D86l`xla\\Z$+B#Ukhh̋GFP,%h-B khcZy;MJD`q*.ahb(eǣEn?PnԽ-EV.ZqvsD_SQv\Z h_^G+߂mp:|!XDv#GT\nEȗڍDFLUI2V,>@ܧf3`gvc;<\rFTjWbe-4_D]⨩/WF,4At.s`Ue#qTBt&a(VEnIejCuxLyn*I5>J\n.{l쳸F(IOvӕF+ry ve]6Λ7l;GO:!-ݏ/6XWbAY?P5\Z2ѕG\ZӨej@a$-V_$/e젔P\']tb]OWRICvϝl;2p\Z]ΐ<9OD+N}BzRLݮR-{\r3dgA?#BuPINRaj/ʮ\r)1:(`uftoji=>Ȍ\r%C?#^@LLxCb<h7F/Ntx\'L:%Lf4]D,\'oVq=p;TcMaECQk/gAK$%4+Z/YgGM__&׹d5[ʮTk0LRn8GYa$P=ZlVّvѠMShB7Xb;-+ׁ̳#QV^\'@ŴDZ!`B|c%qWO?L#6j?+Sa\r҈lQGz5>Ƥ&?cWKhmݤ@:	.ޅfVѽu14-4\Z|cUٖhz,ܱvT섆uE(4!E?Fjp&ci%5*$H߂5ei.>N*뿽\rL9\Z%K-BTX~ED_RJai^<=vgQfKnf<#AXJ!([Z/)mRUMđE^%̍45>HkBD-(pU5EnBa{5)NF`ocTm!U}yɓ0+\\JAlis\Z~BO^\"%.`vkc-cQԸJkm(Eq_\Zm$U94\'9TirmG(s{	ڢ{50 t3k3F\".Vn#h nK=pqĊS7\roz5R1\\lEtBy8ikJ4DؐFrБ4C̋o5F3bEBQn!h1>>\'TF>8\'&Zn.ZSJײP\nAMqr=T,$ϓ2E6g+6x~(hjC,zVΘ4:[v%A\r&jS\r%ꝙ./*dduF=5]LŐ --BB|bg{#;z[w3h\"ڑ,SyaH%ZO؄N*w\\1@kt˥8\r4᭘8szk؁joMP^CiFXX7PTѧ+q\r%#.tmKY-bԢm/ZZKD!ESBEe]{=bgDd.!ym(uI!jba\r%tiUХF	JsPi%%_x1/Qyϑ![${#׹[0.͛C}?*Vbq=Kަc¸oBi!EHq1)Z,$(YBv7KK*Im2-nD%K8EСTg:OlxbU՝4/bl1;%yEjhR*Y^ËQ*#*B`]D!;4?s(9K1d	Tꞌ]2\Z*eD\"XR!ECT&LFZZӺQn/Zռo|6d\\-!«\01h;	C%b?bӻ|E!iiѡ彟Md^ރ2j1V%^҂-D!Eg^7]\rI%_rP@bds$\Z)P-iӅ-,C)u23\rnhtUQvc8}VNr\Z\r1+r/:al{ヾcpnHMpzd~F	r7T\'PXZ/9ƱD+Pז\0<$°m6IY%z=*Br6⣗##Vhqd\n\\b;Y*.lJgQBVu$\\CN!Mz5Gcf^<qt$%[B|fE?EΫA1dN(F\r%4بG3gzq*ɑOWL~Eч}-&=8V;Z&HwjaJq	Mv;~Yoэ:#<l~sx+pF.:fдgؑhv֮CcSC*%q((B0+\"MEڇxƜ&Ɓ)s#twp\"5ʯo?hJA^x%J`8\0 ۭY-]Ee:,\rkBF\"r>e%CmN̛cG%kqǽP׹XILHB|gqmN;]jk8	OBmmQފ\'×qbH\'rx(3z]QJ1)e6\ZܚF\'ԥ[l	LAfZI\'lS]}Hm&-SD4we5)ȡmzMdPK]c^A)UB8E,,M-Z3B\ZjZWXЅ/bЎŧz:EIP9[9iӪLWGjNCG,%K7(S#YE,CȤ7TzMZobZa\"TC&SäMѢМ֐+cJ\r֪[4\Z0OvVD<\"`TZk!}rIV;:BnM	+27SέԒHX[t+f?0]«tKrn#1ٟ+J\"B܊*OAܸ\ZXMd(!%IHjf«Kb;yLB^mg&lm&JUK(,J${y#\r9dvd	bcfm&pr\'-KE%\n\\2l׉<\'ZfI:})6k9mVt\"q~&Oeɽp#fCQ=w&^\\uEKM$Χrp:3tJrS4]ƋNQW0\0-M$R~XL=eehܰŅEiĊwaiGRx\0Sh.RBg5teBM8,8a]<#Dؤw!	Bg9Am)_sW-ŷUhI\r~HkF0!&4la1\"K\nH)4ko\"	XE`$+Ttmpc(N4+,~Te0\'X\",kaRyМZ!|j!;9WiRдUSXrnf\":$VNc#eZP[j)u\nXi\"I	ٺ\'qσ1)<:}p틷jPjWъȚLQ\')	_9lqlH`hEw*X%EdF9+./j&ݤ+2p)V0+B0-0#}`c\Zd{{鸖UKK-@ﱡL6mbtq]s^-,SLN%CZSf$sS[ܕ\0<.FLQ\n*PJ&$&\ZqAG$P6%,pJ{Vܑb[[l6%$dmEJ4}}>ԂS]Eqe-ض1\rSG\"c|7x6L7GDQbνD#}tZǽGǽG{++j%W`B|i%B+\\_)ȤBnقtb@\nII5̐M؞JmQ;M]U:\\[CRO\n0VŖq%ms63m컟JdJCH3\\]*+6VNz$uQ\rXWb|u	S$uho	Dɂa^*T)$ݮL4f!VjdZ=ǡvEV%PB;O.VnJ|?2|RiHI\0:/E\0N	Z]&T36ILT78TnL8B-fRj\\(	im)\\XgV*KPqƲ6BGtL˝V[$(L{uF9msȨ!V0-,>\Zw3c6\"l}JQ	AD+U񸻁QnHlZGX0 \nmV1NȔPOټPIv9:Ke~FREjTu\ZnQ6C,Y{@N*ԭɅU$u4zdqR\'EbU&\r&}^dy6x~h	=Q5Q<C?$@VrKb,qgRgAJ!],%DЬ!h7:LEpoB$JT\'.2&3hM]KX-	=-\nGkP+K%Ԗ=Wt4$]WHT{\rJ`p[I6chM+2zJ-\rZFX㍥M`RC;o\"JjMVmԊ\"12Tymj!dfFc\\k=ɒSIе+Z/2l試+j)G[(XЫFI$OCU5Bϧf摚ɽ^8h%$6οڳkE{8[#\'q\n;VF}4X̋gS{b1R[W|o?dՎ-cgTia3q,-NHÖ%eVQS$bZcI!)DArq	Z*\n7&mXXf=*9z:V*фBB_ZHwY_]YT]b\r|2sQ	FN.bV;hֆƹ1d(ňiBVcE[ޭI,A.-C%SI^C6\" B$feRyH7gv\n³b<ffgaTE#%,Є/ďDb+B>EkNY$.҅o/rrǸ2-HIhB:^:dB![IIUoί\Z+~^tYZwXB#oRc3=6_oZ \"hB_ҕtSZeBh\ZJcU T}jVFeS2Gs#3`XPj!_NQ?i4_2!hByB ^Eu\nVBW;c,fcS%T/eQz\ZBZ#cLr!Bt+/uȦ|q\0Ǣ;Zve2CȲȖj٩`/@+F¶Ba\\6RsQظ\r\"霜tZk7[	Uk*Rթ`!|{0~ŚW/XTZ KI%$mHVgIJtuuFai2c*Ę-Bk/BwAC4ˇ[L/D-cHHV%z»f!#80,+7:L2_г\ZVB=:HeIY,,+*GdVfeAhƍ.b4BfZfXƽm61*j%K!We_eyEbV9\\KdI{1.6KJpM7T`ZfZ\\i,lH-҅a_n\"\rh؏R.XC[)UN:1=0/,QvSܠJJXlŢK!XƌeĖ1uPHJzBǖ,%NKWKDIBZ!n`Z-e\\EڙF%KuBϛm=Iظr`qFExvw\Z(!%<Hm^?OVSicLig2c#*\\\n]\nHR\n/x\0h]}^+BF4^,Z+L3oV@\0K;?ҕ#Eahȍbìn}3\"S-bTV\"YnR],#R\ZPZBZpPGF#i2چu?R tQ4UȄ!V0w,:ƸTLE-9B=\0P5uա	|VЄ+im^vG\"c.:ƽL54;VHZ*EƄ@ݗ4wMl3BЊEr51nJMn\rӣэr?vO\"#7={kܳ,1A(%YBǚ[VKEAPB*t\"N{2̆]\\J@COjT4=#e\",H;r$߸\0K⑲dVZ,_B!|}!;2гqVqmVTyC\0pF;Kd6fLX\'P0X+BTfw=QdVCG3cZ	~c\0\']w\'!7.kr3v\Zo1,M!_B!|#Oѓ\n7-+HeMz\"Ȭ_HNlƟD=;0cY\"5&T=fn\nPBD!;tc0!hB=x=Z%+Ekݜr;$D\'a:~N削QAܓKtd1s3,Z,5!|~>B{1\n=f\"Jr+\\TY/tc&)qMq5fGQkJ6-Қ!h!a`B{i!/zzqlV!ஓ~MFUDMY5Ef!Z/~Z. B=ح\n>ŦvgMWQz#dɰsR˴YFغy1sM5!UԖm7a\n}@#bwD3}\"KLDG@\"+tѐ2cW{\\.J!B|u%#/fHVv!UYK=\ncz2mE¶qR3=\rN\n&іn_R0-f!U՞ŢȅxF\rKD5w#MB=݆=h<BZγHNP]#1S\"1u_%z(-ܵXRPYZeӾWD\':j0BْwPuX]ay=*UD:\'CGrwhsxʺZ&SHZUi[\ZʂR{\n!v`YktEZ\"caZ@-{֓/tbΖ/}KskI]d%,,\"BK-ņF兢b5\"BED<	-,ح?RZuhnK];L\'&In!Z+y ;XBZ`R_E\"MQ\Z|/gGwQvm,Hہ[I6mlZF\\dqWrIJ~KVt,B}aopkjfI`{\0YD\\T=M3YroHM\Zi5ƭ#f5sMX*:-!.Lh*\nѡ>rU/!Z<NyI.aX遼4q[Nf<%/EӰBWG\"2B#\nߖة9F,y1^$9Uw14q&fdgP^ESe%ɖ	ΞB|yaZ!\\߭+\'މk*!Ym;	DƎaf}WagNX̌#]9eT$,n\"B-ǒ$t!YE]CcHGVVIɼkGs\'a#m7N\\Nfod~Bpƕ]iFg\Z\"==-[\0(%-am!UE+\n°Q_3qX􅞣/?j$	AjYqlzp={,Ф3ȳW.Ohݐ\\ 9!GUgH6HTm8lUТkG	\"q{qn4N\"dS-FwRB|zfm-Pj`Y=qg[3UQsEiJ\Z:{Ow7\rt.D6Q\"3Y&T0+-1={;M#;[F+gM\nt.¨ePB/,dfbh!V8\n/97TVBK$ũ\Z--\\Mpn%M$d^\"kQLn\Z.7cGS<2ءiwvLޣ҃=WCe~UK5!h<џfBܝ_JnD)I!>k3+O7*PISrMTfQE4Pfyl,HwLJFmW)X6tHm9B%ڻ_q%GLU7&XZۖ	ATB_X|Tf72Af-P3݈Bc\0d*~j>}WP\\]i\"BEhYqTݑNqXWBcǟG3*3aT+iDaD҄+B ^°q110	$lo$ܳŎŌ-ى-Q*biV!\ZɩB0\'cwׁ3\Z0ԹδX]a{Dfn*Zu?Fr!uB2!\n]ěwn@\\\\kr;܌\\^Gr\Zn62=Ŭʥu,,T%jXx,P!B\0 )j$9Jr5܍jBQA&ȶJS-l(j4W;V)p\'+<vhkBkRRۖDexX셈,.!UmҢw9od]C ׻?#Cߙ\0X&%n}y섩rnޓȂNIRs!&#E|.B.^HAp>\"|\"\"HHѩI\\,t#0Eo2y K+FP,Ь!Z+|Kઉ]|t:5$fr\ZBoq=*.&Rz\n\ni#a(3U!FDm\rnˡl}%̥!	l(nEWr<w3I+IafaB[08s|#It]\'O\nGpzU{)Z*\\rHQ Jf㓳JhI<OHbḂI*+ޔ펅\nkK}!!glB42?ipԱN>`$qS\"R]n\\*AeXp/%K\";:B\nTEᕥ3d*\"\na*BBȿ{$=;+\\XLL~XB}AQLP\Z\Z@u{̑BY~pU30<z>1_Q+r,O1m=boAW-[4!XBDfp$Z-eʙ*-USW]De_\"*B\"ӣ\r>4yvz-:2P(L̖~M#\"/]EatQBUzl\0VD8G6g[lvHlK])GbgQ}̓\rv59n=dx1[Ut]6B+}셙V#&Of:Xm[_ND!ëDhJ7̒I,ti+\\!J YE	pZX-*Z/~S7/]EmNↈ\\$$4\"j\'+\"e`ZJQ#6?U/*p0~|Z&X,Z-\nO+_u-e먬-dWE_(n\nDT\"Im,\"#@77Xg]ձa\rxD)RpY!hE\n%[ȋFt,!5+ts]~\"rX:	JBW\Zd=̲F`a\'KJ8B!|şbMraK]^MXMDA\\TPCBq&w7S(H8Qrc[)B/QJkaZN22%Dr8b9\ZߛiqXaا3\\:E,+(\"7\' J5Cdw!\n7YAzزlع)(JEDt!XB=E3ņ$+	k7Lgb侰$*Q2\"Nc_SNKj,Ty!&䠶\\M<F#XK̃n7	tw\n\nJ4Y%8zEJ\rL;5!_#YDKJOB2L7iXM$ȐmXBm^!ڃ]KJNδhdYȪmJAAO:(BGcKWOZtfdkIoXP8LQZ/ZxD4cRi%a0VU2p6*u+\rDVƐ!m\'\n-KU}(zC^D%zɲ]$Sܴ2I}-k*\rZ{\Z9d\nz2R@9R{\\߲_$P\ZGAJ(Z?.LGqEG\ZNmj!LW(jT=#MYЅaD/*&NlԴW!5$Q媟jÚ5mӨpDCAXN^Wa6-y\"Iv؞!I6HNZ%뢱k+/lPrnO.8d5Uƶ:t\"[D/BC2rb<drp+A9Ee\Zn]K45\\*)Y%&&3+\\\0L;hcbQ^,䭬E\n#E_V!B#?l%\r=5.12l2¼oUǿ@=J6ׁ_hD=_BS]:@%G	n,71IվGk#JX	dCjKs\n%nuVmA؅BwU:0CFCOQDjTWBu+2diC笒Dq&$r7K%΅N\"\"d\0B[}(Z/1jī		h]NYF\'_BW^DsTq1!\rC\rդ; X4`.D-~DBDSq]J!hRǒ+\"HpbUa3([\"9oGqYBn.[F?:oc#tOS&D\"pB(	A\\JV_#P?9R\\\'ÂsjSid\"CsEp%Q!C\nnf::9{G\rUFrM&]v8RgPL!yB+|KQ7EpFA	+VP6Zf&<RU$^MDS5Qy!`A,kGbUoi\'bGؕ.:O.jS%dTQ,:؂U󢑎Bh!V#\nj\0	t+vY&h)jFwoSD+#_Wd(:؝\'Ȑ3DDc7y縯e>Q4+\r3*T-\\&QΒo\"h!/;hYK/dTL>.n\\of>\Z|~!su(w~hTt,B~Ev=oT*Nث-\\n{3JF BD/?;B蠑;R:]~XUSx!d	j$\"mtjq-rVmB.(n	\n#a,E\"r.:BMEB/=d%*35wX\"?4:l9,Q&/Y4ޥTW̉sMĮiBgAT$طZ=!I`ځZPB!X_v<cWj[W%A(w#FjeWIE,VNS1l2n-ָFy3oqb(Kz~ \"o= \Z#Q:\Z!/}MN5QC(F޽~Qx縮İ)E5URKq!B@c\ZUƆd75sui*q\r>*(w_r*{(בF\"\0A+	A!\nB\0,vВ5Ga\ZG\ruWcߩE?\n+~go%dQXBˑQ\"PHA(!\n/41(440\068\"7	0B҂QB#\'Ax	_q.a]\0h1\Z:CΝp+<rU$\\ɉJbTFT					B?ŭ`kC&XUnZRu*_o%(\"neJ1#!pA!!!!V/FG bC\ZJ,c[($p-u!!\n_#E\0\\B©.5p,\np HJHHJ-UQ0`, \ZʢRA!-[\ZcH \"\\8d\Z\"T\"A!!!*					Z-W1q \"@\"$$$$$$!X>giAAA%A\"KHH( AGE4$G@P!\0'),(6,'Natura crema ','crema humectante para la cara',12000.00,'2022-07-07 17:36:29','2022-07-07 17:36:29','1','\0JFIF\0\0\0\0\0\0\0C\0\r	\n\n\r\n\r \' .)10.)-,3:J>36F7,-@WAFLNRSR2>ZaZP`JQRO\0C&&O5-5OOOOOOOOOOOOOOOOOOOOOOOOOOOOOOOOOOOOOOOOOOOOOOOOOO\0\"\0\0\Z\0\0\0\0\0\0\0\0\0\0\0\0\0\0\0\0\0\0\0\0\0\0\0\0\0\0\0\0\0\0\0p\0\0\0\0\0\0\0\0\0\0\0\0\0\0\0\0\0\0\0\0\0\0\0\0\0\0\0\0\0\0\0\0\0\0\0\0\0\0\0\0\0\0\0\0\0\0\0\0\0\0\0\0\0\0\0\0\0\0\0\0\0\0\0\0\0\0\0\0\0\0\0\0\0\0\0\0\0\0\0\0\0\0\0\0\0\0\0\0\0\0\0\0\0\0\0\0\0\0\0\0\0\0\0\0\0\0\0\0\0\0\0\0\0\0\0\0\0\0\0\0\0\0\0\0\0\0\0\0\0\0\0\0\0\0\0\0\0\0\0\0\0\0\0\0\0\0\0\0\0\0\0\0\0\0\0\0\0\0\0\0\0\0\0\0\0\0\0\0\0\0\0\0\0\0\0\0\0\0\0\0\0\0\0\0\0\0\0\0\0\0\0\0\0\0\0\0\0\0\0\0\0\0\0\0\0\0\0\0\0\0\0\0\0\0\0\0\0\0\0\0\0\0\0\0\0\0\0\0\0\0\0\0\0\0\0\0\0\0\0\0\0\0\0\0\0\0\0\0\0\0\0\0\0\0\0\0\0\0\0\0\0\0\0\0\0\0\0\0\0\0\0\0\0\0\0\0\0\0\0\0\0\0\0\0\0\0\0\0\0\0\0\0\0\0\0\\LB,!johoiF摹mkli@\0\0\0\0\0\0\0\0\0\0\0\0\0\0\0\0\0\0\0\0\0\0\0\0\0\0\0\0\0\0\0\0\0\0\0\0\0\0\0\0\0%\Zjg@HdU	DAX%\0An#oWY\0\0\0\0\0\0\0\0\0\0\0\0\0\0\0\0\0\0\0\0\0\0\0\0\0\0\0\0\0\0\0\0\0\0\0\0\0\0\0\0\0\0\0\0\r쉋+X3V9̆3(b,Qbc33>Ë \0\0\0\0\0\0\0\0\0\0\0\0\0\0\0\0\0\0\0\0\0\0\0\0\0\0\0\0\0\0\0\0\0\0\0\0\0\0\0\0\0\0\0\0\0Lr3)XʌVbX;{\0\0\0\0\0\0\0\0\0\0\0\0\0\0\0\0\0\0\0\0\0\0\0\0\0\0\0\0\0\0\0\0\0\0\0\0\0\0\0\0\0\0\0\0\0\05EK*K\"KK\0=\0\0\0\0\0\0\0\0\0\0\0\0\0\0\0\0\0\0\0\0\0\0\0\0\0\0\0\0\0\0\0\0\0\0\0\0\0\0\0\0\0\0\0\0\0\0a,JK	,$K@@p\0\0\0\0\0\0\0\0\0\0\0\0\0\0\0\0\0\0\0\0\0\0\0\0\0\0\0\0\0\0\0\0\0\0\0\0\0\0\0\0\0\0\0\0\0\0K	2ĒK	,,D3\0\0\0\0\0\0\0\0\0\0\0\0\0\0\0\0\0\0\0\0\0\0\0\0\0\0\0\0\0\0\0\0\0\0\0\0\0\0\0\0\0\0\0\0C&6BT!d\\iK!,\",>qƽ\0\0\0\0\0\0\0\0\0\0\0\0\0\0\0\0\0\0\0\0\0\0\0\0\0\0\0\0\0\0\0\0\0\0\0\0\0\0\0\0\0!B(VTX @!\0@\"X g\0\0\0\0\0\0\0\0\0\0\0\0\0\0\0\0\0\0\0\0\0\0\0\0\0\0\0\0\0\0\0\0\0\0\0\0\0\0\0\0\0\0kRX Ia%!a\0 %^\0\0\0\0\0\0\0\0\0\0\0\0\0\0\0\0\0\0\0\0\0\0\0\0\0\0\0\0\0\0\0\0\0\0\0\0\0\0\0\0\0\0R `TVCP\0\0\0\0\0\0\0\0\0\0\0\0\0\0\0\0\0\0\0\0\0\0\0\0\0\0\0\0\0\0\0\0\0\0\0\0\0\0\0\0\0%*(DA  \n,#@\0\0\0\0\0\0\0\0\0\0\0\0\0\0\0\0\0\0\0\0\0\0\0\0\0\0\0\0\0\0\0\0\0\0\0\0\0\0\0\0\01<(	DA ,\"P\0\0\0\0\0\0\0\0\0\0\0\0\0\0\0\0\0\0\0\0\0\0\0\0\0\0\0\0\0\0\0\0\0\0\0\0\0\0\0\0\0uԁ@ H	D *\0@\0\0\0\0\0\0\0\0\0\0\0\0\0\0\0\0\0\0\0\0\0\0\0\0\0\0\0\0\0\0\0\0\0\0\0\0\0\0\0\0\0&(AD$K\0@\n\0@\0vu\0\0\0\0\0\0\0\0\0\0\0\0\0\0\0\0\0\0\0\0\0\0\0\0\0\0\0\0\0\0\0\0\0\0\0\0\0\0\0\0\0պ\Zl宧1zf$XLqRBt]-MWKn#v;\0\0\0\0\0\0\0\0\0\0\0\0\0\0\0\0\0\0\0\0\0\0\0\0\0\0\0\0\0\0\0\0\0\0\0\0\0\0\0\0\0\0~\0?]3і%\n<6P\0!px=\\y\0\0\0\0\0\0\0\0\0\0\0\0\0\0\0\0\0\0\0\0\0\0\0\0\0\0\0\0\0\0\0\0\0\0\0\0\0\0\0\0\0\0?kN<5\n!p+w]{E6gulFoVqbzWa2\0\0\0\0\0\0\0\0\0\0\0\0\0\0\0\0\0\0\0\0\0\0\0\0\0\0\0\0\0\0\0\0\0\0\0\0\0\0\0\0\0\0/W62T̙C/$ڈĻ@IqM[t 3&@\0\0\0\0\0\0\0\0\0\0\0\0\0\0\0\0\0\0\0\0\0\0\0\0\0\0\0\0\0\0\0\0\0\0\0\0\0\0\0\0\0\0۫]nXmLIa%ǎX1do@$$Vk~<	\0\0\0\0\0\0\0\0\0\0\0\0\0\0\0\0\0\0\0\0\0\0\0\0\0\0\0\0\0\0\0\0\0\0\0\0\0\0\0\0\0%iVh	,$y0qXXcV,\"KV۬)^<\0\0\0\0\0\0\0\0\0\0\0\0\0\0\0\0\0\0\0\0\0\0\0\0\0\0\0\0\0\0\0\0\0\0\0\0\0\0\0\0\0\Z7.RJ$K	,Y2<-bF;mDJ1XLr8\r˒}3^q\0\0\0\0\0\0\0\0\0\0\0\0\0\0\0\0\0\0\0\0\0\0\0\0\0\0\0\0\0\0\0\0\0\0\0\0\0\0\0\0\0\0ywi$caˆ-bF;uB,\"KfPՎxY \0\0\0\0\0\0\0\0\0\0\0\0\0\0\0\0\0\0\0\0\0\0\0\0\0\0\0\0\0\0\0\0\0\0\0\0\0\0\0\0?:e]lۆs E,g̡%.;uB,\"L\ZۭqXe_9v\0\0\0\0\0\0\0\0\0\0\0\0\0\0\0\0\0\0\0\0\0\0\0\0\0\0\0\0\0\0\0\0\0\0\0\0\0\0\0\0L2X%1\Z<W$,Ҭ\"(c1׷e	ñ>.8\0\0\0\0\0\0\0\0\0\0\0\0\0\0\0\0\0\0\0\0\0\0\0\0\0\0\0\0\0\0\0\0\0\0\0\0\0\0\02]q\0g82*1K	,&9CRŋo\0\0\0\0\0\0\0\0\0\0\0\0\0\0\0\0\0\0\0\0\0\0\0\0\0\0\0\0\0\0\0\0\0\0\0\0\0\0\0w5^@K,&2(K)J$J&9C5̢{3Ή\0\0\0\0\0\0\0\0\0\0\0\0\0\0\0\0\0\0\0\0\0\0\0\0\0\0\0\0\0\0\0\0\0\0\0\0\0\0\04sծenE\n	`ӻML,$X@@EXcx,Ax~`0\0\0\0\0\0\0\0\0\0\0\0\0\0\0\0\0\0\0\0\0\0\0\0\0\0\0\0\0\0\0\0\0\0\0\0\0\0\0\0915+<D\0ARvq,X@g,\",,1bLrdz>wdϬ3\0\0\0\0\0\0\0\0\0\0\0\0\0\0\0\0\0\0\0\0\0\0\0\0\0\0\0\0\0\0\0\0\0\0\0\0\0\0\0C<3[PI,Twj+%,,$qbIa7= \0\0\0\0\0\0\0\0\0\0\0\0\0\0\0\0\0\0\0\0\0\0\0\0\0\0\0\0\0\0\0\0\0\0\0\0\0\03rgK\re\0Rjٮ,\\e,,$a,Cp\0\0\0\0\0\0\0\0\0\0\0\0\0\0\0\0\0\0\0\0\0\0\0\0\0\0\0\0\0\0\0\0\0\0\0\0\0\0\0\Zwh^}KIR{5%1E!a7hߎ\0\0\0\0\0\0\0\0\0\0\0\0\0\0\0\0\0\0\0\0\0\0\0\0\0\0\0\0\0\0\0\0\0\0\0\0\0\0\0~uў貛% @cfdf9C#9%2\0\0\0\0\0\0\0\0\0\0\0\0\0\0\0\0\0\0\0\0\0\0\0\0\0\0\0\0\0\0\0\0\0\0\0\0\0\0\0?G:Cd&A@^vba1KX%X@B*X1@{]<8\0\0\0\0\0\0\0\0\0\0\0\0\0\0\0\0\0\0\0\0\0\0\0\0\0\0\0\0\0\0\0\0\0\0\0\0\0\099Fxgso?2z<xk=Lxϵݯf.*	,P@A,!,&6O/V8\0\0\0\0\0\0\0\0\0\0\0\0\0\0\0\0\0\0\0\0\0\0\0\0\0\0\0\0\0\0\0\0\0\0\0\0\0\0~Ϟ/\r[U(Rzk%X%X@Ib2@\0\0\0\0\0\0\0\0\0\0\0\0\0\0\0\0\0\0\0\0\0\0\0\0\0\0\0\0\0\0\0\0\0\0\0\0\0~҃#8K:\'{W֗ͷξLsyOVX B	`+	, =^q\0\0\0\0\0\0\0\0\0\0\0\0\0\0\0\0\0\0\0\0\0\0\0\0\0\0\0\0\0\0\0\0\0\0\0\0\0\0\Z7^\\}m={>GzWFo<?kK\ZzY~<kz6ؖ%Xa%X{]\\8\0\0\0\0\0\0\0\0\0\0\0\0\0\0\0\0\0\0\0\0\0\0\0\0\0\0\0\0\0\0\0\0\0\0\0\0\0\04rg[l,zxQޟF\rv_)n!ieXXIa%ӎ \0\0\0\0\0\0\0\0\0\0\0\0\0\0\0\0\0\0\0\0\0\0\0\0\0\0\0\0\0\0\0\0\0\0\0\0\0VGX&VҬP1շU\\VK	,$	,1Վ \0\0\0\0\0\0\0\0\0\0\0\0\0\0\0\0\0\0\0\0\0\0\0\0\0\0\0\0\0\0\0\0\0\0\0\0\0VGoh19j޼^927R>ĸeuJ\Zr,KAuru \0\0\0\0\0\0\0\0\0\0\0\0\0\0\0\0\0\0\0\0\0\0\0\0\0\0\0\0\0\0\0\0\0\0\0\0\0\0׳YÞJl\'Tuhӗ=\'n\\ޝ;.1n02lh玾K:9^d˞[n<vŸ印_f8\0\0\0\0\0\0\0\0\0\0\0\0\0\0\0\0\0\0\0\0\0\0\0\0\0\0\0\0\0\0\0\0\0\0\0\0\0\0\r{083=Q6ލ3yyz:Wt^ϙn~NVi=3κн3OuWfѫ/&G.ؼ ,m;81\0\0\0\0\0\0\0\0\0\0\0\0\0\0\0\0\0\0\0\0\0\0\0\0\0\0\0\0\0\0\0\0\0\0\0\0\0\0a\'o<EnEŕu]anu,Y,94cIEQk:9cIb3,H_A\0\0\0\0\0\0\0\0\0\0\0\0\0\0\0\0\0\0\0\0\0\0\0\0\0\0\0\0\0\0\0\0\0\0\0\0\0\09bp\\seXx}u<}DuێNzuɿ7lѺ6tXjL,K@\0\0\0\0\0\0\0\0\0\0\0\0\0\0\0\0\0\0\0\0\0\0\0\0\0\0\0\0\0\0\0\0\0\0\0\0\0,<}M%rM&Af9tjw\\uѫґ~}87-,Ve+\Z1~8\0\0\0\0\0\0\0\0\0\0\0\0\0\0\0\0\0\0\0\0\0\0\0\0\0\0\0\0\0\0\0\0\0\0\0\0\0\0\0yPtO}>Gtޏf[g-l9z#g-2Ϗ$ç9}\\kw.䰒q\0\0\0\0\0\0\0\0\0\0\0\0\0\0\0\0\0\0\0\0\0\0\0\0\0\0\0\0\0\0\0\0\0\0\0\0\0\0\0r-&I>U&=-dp\r|7>\'6oV%%\"q\0\0\0\0\0\0\0\0\0\0\0\0\0\0\0\0\0\0\0\0\0\0\0\0\0\0\0\0\0\0\0\0\0\0\0\0\0\0\0r-	̤DȤelѿJ3]]X`XIbXc, =_C1\0\0\0\0\0\0\0\0\0\0\0\0\0\0\0\0\0\0\0\0\0\0\0\0\0\0\0\0\0\0\0\0\0\0\0\0\0\0ͦnXٛXeQn#qiۨ-6-]enR	,TAD$};@\0\0\0\0\0\0\0\0\0\0\0\0\0\0\0\0\0\0\0\0\0\0\0\0\0\0\0\0\0\0\0\0\0\0\0\0\0\08oAveS6U2Ɩc+5EְurkZ,XIa%KWq\0\0\0\0\0\0\0\0\0\0\0\0\0\0\0\0\0\0\0\0\0\0\0\0\0\0\0\0\0\0\0\0\0\0\0\0\0\0\0fX2}NǾ3&:h\\fXK9e$Z!a%Ia>o \0\0\0\0\0\0\0\0\0\0\0\0\0\0\0\0\0\0\0\0\0\0\0\0\0\0\0\0\0\0\0\0\0\0\0\0\0\0q7+,rI5[7qowRYu% \0XFX_\nt~UW=<q\0\0\0\0\0\0\0\0\0\0\0\0\0\0\0\0\0\0\0\0\0\0\0\0\0\0\0\0\0\0\0\0\0\0\0\0\0\0\0]s۳,s=jTl纒`%}:r7yD+zH\0\0\0\0\0\0\0\0\0\0\0\0\0\0\0\0\0\0\0\0\0\0\0\0\0\0\0\0\0\0\0\0\0\0\0\0\0\0c:+vgs K:nr`$@K,$e\\DSL	\0\0\0\0\0\0\0\0\0\0\0\0\0\0\0\0\0\0\0\0\0\0\0\0\0\0\0\0\0\0\0\0\0\0\0\0\0\0\0<3׮.9[fi\0\0ssیc\'\\=Z!`@XIa\"X1_+ \0\0\0\0\0\0\0\0\0\0\0\0\0\0\0\0\0\0\0\0\0\0\0\0\0\0\0\0\0\0\0\0\0\0\0\0\0\0\0׮卷nzH\0\0c~q3Ӻ԰!D6XIa%!GA2\0\0\0\0\0\0\0\0\0\0\0\0\0\0\0\0\0\0\0\0\0\0\0\0\0\0\0\0\0\0\0\0\0\0\0\0\0\0k٫]v\\mvk!I\0JM[q/g%MJK%xy\0\0\0\0\0\0\0\0\0\0\0\0\0\0\0\0\0\0\0\0\0\0\0\0\0\0\0\0\0\0\0\0\0\0\0\0\0\0vu,2v[d!\0,	n%|HK	.$Y \0\0\0\0\0\0\0\0\0\0\0\0\0\0\0\0\0\0\0\0\0\0\0\0\0\0\0\0\0\0\0\0\0\0\0\0\0\0n5,۴K\0\0<K	,!@AIa%{y \0\0\0\0\0\0\0\0\0\0\0\0\0\0\0\0\0\0\0\0\0\0\0\0\0\0\0\0\0\0\0\0\0\0\0\0\0\0o?O>ܱe\09yX	XB{y \0\0\0\0\0\0\0\0\0\0\0\0\0\0\0\0\0\0\0\0\0\0\0\0\0\0\0\0\0\0\0\0\0\0\0\0\0\0/oޝdJ\"	nX	, Y,$DC<\0CA\0\0\0\0\0\0\0\0\0\0\0\0\0\0\0\0\0\0\0\0\0\0\0\0\0\0\0\0\0\0\0\0\0\0\0\0\0\0\09Kʽ6\\npdĔnkpB	b 1A,>gn8\0\0\0\0\0\0\0\0\0\0\0\0\0\0\0\0\0\0\0\0\0\0\0\0\0\0\0\0\0\0\0\0\0\0\0\0\0\0\\~~ͼ[on6IckXϗw-b2be1RC)!dY)&X]klS \0\0\0\0\0\0\0\0\0\0\0\0\0\0\0\0\0\0\0\0\0\0\0\0\0\0\0\0\0\0\0\0\0\0\0\0\0\0;]jӊs/{t۪sr\rsH5dalj&.9\Z[gVrsݑ->ɀ@\0\0\0\0\0\0\0\0\0\0\0\0\0\0\0\0\0\0\0\0\0\0\0\0\0\0\0\0\0\0\0\0\0\0\0\0\0\0\rZL6C^ϯ/=Їɞ<+̞<1X28פ.jFΙh2\0\0\0\0\0\0\0\0\0\0\0\0\0\0\0\0\0\0\0\0\0\0\0\0\0\0\0\0\0\0\0\0\0\0\0\0\0\0.,15̓\\ڷV;jin\ZFѩj)j\Zu5َH\0\0\0\0\0\0\0\0\0\0\0\0\0\0\0\0\0\0\0\0\0\0\0\0\0\0\0\0\0\0\0\0\0\0\0\0\0\0\0Q\0EDQ&CCCcccccCCi!!!(\0\0\0\0\0\0\0\0\0\0\0\0\0\0\0\0\0\0\0\0\0\0\0\0\0\0\0\0\0\0\0\0\0\0\0\0\0\0\0\0\0\0\0\0\0%\0\0EDQ(%	DP\0\0\0\0\0\0\0\0\0\0\0\0\0\0\0\0\0\0\0\0\0\0\0\0\0\0\0\0\0\0\0\0\0\0\0\0\0\0\0\0\0\0\0\0\0\0\0\0\0\0\0\0\0\0\0\0\0\0\0\0\0\0\0\0\0\0\0\0\0\0\0\0\0\0\0\0\0\0\0\0\0\01\0\0\0\0\0\01` 023@!\"#APp$4BE\0\0\0\rur¿i[\\rEb+\ZƱk\ZƱkX6Ab\nb<+,+	V+|GʲRܗ@G_`mu:\0JO~a\rߧg~-!crrr),gJ[*\0X8]y?y?Mt\r784O00\r\'³\n(l+,\n°+++(;wݜGn>n%f,ŘbXUV%bX%bX0=~%`(0ߜbUVV纺ı\0k\Z?vN_d]?xS>#נu&z;#y]rSż:^aDR)8NtO$.\r:כ	7vNuټIz.טi<δSgI\r:GŦqn0)x>JWY5螀F;wޓC[[Eҝ:NF]γiݲ\Z҈=.[:4;ZS]i%7v~?˻Xmnc4Oc\'`r/ꗴuuK:܃úq3AR>?uKX.4	؜ͧ:+8ه->?uK9k0UO:fض²SwT, #SwTh/(#<$Vú䖓S2\ZlCKx:PZ[*9$ORן**]G<8G3{-/{S9TU}[Y䬚QXTT8*5&I=\Zꗷy1M\'t\r`AV?4l&]yV:w|J6bւ?uKU\0U`=~n\n\Zjˊ_\05{]CF4Տ%5uUw4bVz4-/g,ٓj2#iBlG啟#$mlTԐVd.Ȗ:/2(2⎜C!|R_Fź\'@!k\Z@<STcORvs5p:{t-\'g-Gʦ0RIgWRG*NyV͉f~s$gdkMAJźhYlB6D5ԭ*hY4X`-<EoC[3#*A+1Hi|yɖ/!ܒ\"h7\ZogBIYK(`\\t16(\\2F*vQ$6&>jog-as%sLyE8{2bؙ:hȸ5\\㕲#R?JL!c?e=I./MOkT2:duˆl1ήv\nv@S9O\n3%~\'TJ9s*vTrRmkOlycź8FM<yb6,y4FG6KYs>9 sf*B_3!\"@2f^\Z\Z\ZƿrSyAU#.o-@!Le?\\ϊ&Q#\r+d=5\0>3Xf{cKG+c}D_5q;4-\0jNp9CYҹftq;&\"P\\T0Hm<C埖BxHO-;pѥqn\"#*`Ñ 0AD8!w9rn]| \0JDq6g(140:F8Qr\04<@cZ5cikӭhd\'fS	#c؋9~a¨SF4Rvn8a\0Re,Yj_,}.:o_Qe5q!S:cz`ÜLt\"uCܢ4?2g);7xpZEa%p.*쫖̗P\066c9uMll~8~kw8 \'~?|F2kO𹮙9\ZN~[UoֵI^fKbqB	p੉E\':It15͝оP_#L Ӷ75MllgRw@?9);w_9);w_~ͿUANn%gIۺμG\rStZr\rh,}:Nu8Z<\\>J?%hū=:N{\r.B\0SNɆ\"Ҥg?kmWOJM#OhKo}J=7[\rQ-7znw2beߋ\0V69&pR5ދƒl3I\05Ihn85Ir\'9JeH)C,!ѿ+XQ6Onhco\Z=7[5.,+T潕!0H>q7蓻;8iƏM#LZg|RV2v0<S E^HQ92\"vvI?ݒy8r8T5\rI$	}J=w\\N#8=DEʑD@Y/GݺqgY\Z{avt ^~뗿zge{ٜ\n{29pA#d{GswoL3,i0|GQ7\\[>uޙ\'ϷGs8}O.럿znڣ-ۢu\ZqoMTm[ݯ>K-uͦtLn*pZ x.ֺ\0wc+K\Z_N5\0odZi\nbWWWWX%Һ(5*w[,cE	_+]bX]]]]]_°,¬u\n°,YK-`+X\nV`+-e,aXU{+\n°+\n°+\nnղ+,\0%\0\0\0\0\0\0\0\0\0\01 P0@A`!Qp\0?\0>Jb+įJ+įJ^+x)0S:GB7Bl~&S:UYS=C;zlzU{qJ=c;Q9:~s;Q=c;Q9:ĺ?	ޗ~Lpڌ22dɐ\rgj:w,\03~^3l͙1L2d3|n#;ll8_gr\"ll;&L57S)jSw&eܽT\nxzl# Tf9ŝ?SqU;adɸScӪvŎ#Sa?Ivӧ]:t_\0 \0\0\0\0\0\0\0\0\0\0P`@Ap\00\0?m8Rlf	0)f#.b4/z_\Zs1۹[Kim-t[Kim-XeVXeٿ\0<\0	\0\0\0\0\0!1\"AQ`aq 2@BPp0#3Rbrs\0\0?\0K%egfe\\{,=a\00cX,}>a:5-^4X,w?dY,K%d}dGe7`w;}B-XoC#f=efϢ>;wzO/e7OǲXsfYmޱmޱczǥq!im9)p]8mW\\-ڦHzk8a2;,?)؍kV?U:ȘЕUF\" 0\'H`\0|K\']dgno\\*D]|/?I؏Qvڷ::\\\n7ōLWK֯MSfb+jfe7!vu6+ܮ\"Psr*b\Z#UC|@\Zx*RP<#S&sM~pW;OOv	%_;	C|OwQY[v`☘LjU*h~lU&fG iA3Gxtm躌9QWjG@bkեy7RKq-MM~bArhD,7W\08xŠ!؂$k;|޳cznZ}oYTd_	ú:S\Z9jdڀ̊*K5`]	,_IJs26;.q]N	u{6i:\"P{Z&`]uZc\r=\r憎BpIq3*ٌe2\Z\'QBN}ZujuW J1X;GIϺ6v[:\0Zdä\\T{~qX\'_qJeNc5n*d0jk^\Z8uJFQin`=EN1ҌԻ#Ro)M!N+ԭ--tN==K\n\0	dǠID:J?+`Z<fR<Ǽq俵5S)7^	&*\nǳg0NJ<6pjnS<D\0j3:sdi*Ƽ~S뿼qT/6!SKIGR>H\nLۊ,Mv*<O\0ħ݆W\r$ND(t1R6dʑDv~w\njlE\n=s5!n j֠\'Ԥk1\rReZ;چf@ʮ\ZL@Ԣ$5PyIS;-HV5kL8gKwVZ-ءh=;?;~i :2Y[:!KHtlAlc{\'6Ov+C1Uge?\'VϱDkRZ֗Fq]A_<7UηUvgR>:;V\0kW.؛IC[5PsE#Yp\rW\'և:IA\0j{sTۄO\' 	y#|KHW@j{8?Ms6؜8uo2vIMUE@t3O ʲ7C.+s~7UQи]sYܢR:JZZ/vڶ<mNeOX]pk/#)Ʃ9pN5a&k;q{0E3V7bbpf=\ZQQQ\"Ab&c\0Uscv*co*]НA	W4\'BܙhMfuL1Of&{R3.%\n(ԋsE߈1wKxs[iipX1<YZ4+426֛Po[u\rHZGSgP\'ܘ8*o!6ASu+s\\6\n?*\0juOx&sRgB֍Zv@\rHuQ[gR5a!IFL79s`]Rp`MC?Enzcz`ԴZ%p%7}QqP3*V9Ԏ79wf6~*ۈgW\rnA!YpElDì9FAuSmfݜihY.W\\{#v݁g]eB\'\'+.g#j=bJ_Otqo{\\6\\{:x7oaۄ1VjGa\r~×bUˢ|\r{FTkVG¶DOr|ƴѩ[/*_P:DUnӛI\\)8jw$9v-p6`SښM$f<s!Yl9*[6s\Z=Wk)\'2uOַMa{Nhr;{k8ޜ[ZnH:ud0f,TM\"lwIT&|a{B\"5̛\ǹD!՝&l+8Ļ4湁F|Gc*aҋ]9\'9a?A~։ڜ-I㟽ҝҝJ#NhWvN*Ssq]\0\"ʌ	{?na.v/ww->GʲcGWAw->k[hJeF\rTaM\ZÚkfyoTȋلmE,4w^ͩʹ4jtV8<<[o{찌\0/\0\0\0\0\0\0!1AQa 0@`qPpတ\0\0?!\0\nh#`>1wr&?8Q`Qo+Q~ox\'mFC6<l\"x)K^H1WgTPDEQEQE&($!A\n~X\0e@뺋>{뺏c\0>3>\\G<	qT\\$^oM7 ۂ\r#S((6>ǟjyc+\0D[w]\0?D{Snq-WnaVOy/!1 R>#<k$Hq.$!-g9Fv3{lqx(Ch#m#>*0GgwTLxବ\nCfn&Dh\nbF6G\Z\"((E!:j;ج|~</\'{#naw4#M1nU7(w197ŜЉ.67ʷ+ސcosrp8zV ƐoJ&]苸7i\0S2LQ%n1\nʹN\\DNa5Cg,I\0x]N00Xr[EXc>?F6p	͖ԃ,Nb<SN%~](!\\vS\Zҡ7]@.AnY _xkxvAB%׻W#n\rEV\Z.ݔx!0=4.`/˳90yCx}n뷀0cGapcgO=`\nD&ڌ6e~mD+&	K^R	ws~u3QL57UAo	$h9@\n<ܔ$h-(GC{\0b6 |sX@H- 20%H~uc cj_<C5`qxU^5!,t?cyJDZ<P))(8WrzjKxJ%$xo\0\\:v\n&ƉxXTAJ҆\nq3Z#20CPahJ*L\"BpS\0W\'4\0Td9 ~uA[6	G	A2D	]XUi/g<؃˰ЭD 0	me#rW\nK#dJ>:1PDK!tOv+D%\0D#M!@A@B\'#\Zp%H JބB)Q fEpA*V5_ڍ\riϒUą:xCT3_]XRC3\Z%,$[z`8\0\0\0t?k0_k0,@AF~{GJXbJA ɤf#=ǆ7\n<4$TCʢ]4\rMˋ44!@(h<\rVn $һ	T~a	@a)\05U\\l=\'\0^W%]p\0\0@&FϦ D%戰V1)3<:HHCk\Z,XiauC3`Ɣǁ%&%\r<>OuAaʢM5ǒBx?(.u*;3ҺmaЏ,46RC?Ƴ>0\'_Ce\r?A}\rN) &	Dxb2r_,ސ@0XsH!61*Q%5@&4hL$\ZHXS\0\ZzRsK$\0i!kZI>b&@/ہzk̩K[w`(sDEBifu?2^m?:3]B	$գDٛ聭L\r)<1\n		td%4TL%@vF|2ȀX3SN6KݬdS\0X,rZ\0hgc\0*\0nsX,b\\JRJ&O0A0/\0@@FQ:[\r\0]\rIP\0mg=t5B\0|DtKe\\,X v.6\n@ET1,)\0@\0\"YƠD\\ug[\'\nxN7;AE\rs|.P\np7M.L7db~kR8V7a1Q[h!Y` \0jL\0\06l,1)Ḍ>^a	X  ˽sԂW7kƧM4T#xh70*89@WC;FpJᾸ!jyd ym2<P]\ri=h\0nkH3@4f7`z&+l3h[R.!{.0\0#\0JIMC0Bdɴ80 >6I2/<2\ZS2چ3X!ϒpuH㗄\'ܫ\0|HB&\nm΋:NxXtv2Q\0}ohcg\' 1,2}TV\01\r!A9X2G[K3-Z\043C,p;Pazۄ7RX Ul1)l+:GaY\r@fԄ	dZdqAO\\@&M ( \rR!Aa6ov鯈GQZpuCS\Z䀥RCZʸ0*|@h!,!FjOz vi,\0(~u!GF\nV0	HgpK:L2P\r̨)\0)-\0(hR	 2,Døf@\07{(o0dM4-S(Fr!	p_\'рVd #{D\0S\0\r,\"^6OA+a\Z욎0Ә\\6(%B(,(%%\0E !(7ifA4F@?-`Kd%3Zgݙ[5S:kmCz\r;-Sʲ\rCiX` `SSHAg\" b5Kwe0clyxTEW001BqO#\Znjc!&R|Jh{1w#7V3hYҔa(XCXu\0F\0&H1E<atkǹݞpHS\0yBiWl9XCA3M%O^CU?CrT L\rF\Z\n`%H_8o+$ljEyo4OuAl3gû=x*QhP\0EG\n\"hF?.%eR1?0/!JSG 5S8]T,֍P0)w&@dAo!du=\';݃p\0f\0\n,jDنd\nB\0Du`\rfch6\\DH0wcm=W;݃pxL		<PprC\';!A)\n@zsđ`5>baH\0LE䱭7f!Laf h&RIV(EXt\r\03HjCĤj\0^RH*$[؀@\\W=0>/0D(L\r$ˎ2AiaQ۠IAo\n}I3@m%4v\nVJ&n߇v{0cz9^̜|aR Sܭ=/;.a\0@B6aAGvN%\"3	\npУrO\nh?`p.x+:$`AL1@\no/5@NmJV1u-U2NakjTCF%FL$Gd:\0۾ s~Ï]*v~DWKw{-KG.vCAʻ;=,D:=`e\n%VR-;.\\჏q	Qtʣ\'[F@b&qL*88n\\we)^ p`\\\nqq|T@.],q<qqqqǈDX\"wb!6\"m3cys=X @=ػQCL8a`<AA1\0Wj(((WKQEQET\0\0\0QE<J(((.PEQEQEQwEQEQEQEQEQEQEQb?,\0\0\0\0\0\0\0\0\0\0\0\0\0\0\0\0\0\0\0\0\0\0\0\0\0\0\0\0\0\0\0\0\0\0\0\0\0\0\0\0\0\0\0\0\0\0\0\0\0\0\0\0\0\0\0\0\0\0\0\0\0\0\0\0\0\0\0\0\0\0\0\0\0\0\0\0\0\0\0\0\0\0\0\0\0\0\0\0\0\0\0\0\0\0\0\0\0\0\0\0\0\0\0\0\0\0\0\0\0\0\0\0\0\0\0\0\0\0\0\0\0\0\0\0\0\0\0\0\0\0\0\0\0\0\0\0\0\0\0\0\0\0\0\0\0\0\0\0\0\0\0\0\0\0\0\0\0\0\0\0\0\0\0\0\0\0\0\0\0\0\0\0\0\0\0\0\0\0\0\0\0\0\0\0\0\0\0\0\0\0\0\0\0\0\0\0\0\0\0\0\0\0\0\0\0\0\0\0\0\0\0\0\0\0\0\0\0\0\0\0\0\0\0\0\0\0\0\0\0\0\0\0\0\0\0\0\0\0\0\0\0\0\0\0\0\0\0\0\0\0\0\0\0\0\0\0\0\0\0\0\0\0\0\0\0\0\0\0\0\0\0\0\0\0\0\0\0\0\0\0\0\0\0\0\0\0\0\0\0\0\0\0\0\0\0\0\0\0\0\0\0\05h8\0\0\0\0\0\0\0\0\0\0\0\0\0\0\0\0\0\0\0\0\0\0\0\0\0\0\0\0\0\0\0\0\0\0\0\0\0\0\0\0\0\0\0\0\0,EŚZ.;\0\0\0\0\0\0\0\0\0\0\0\0\0\0\0\0\0\0\0\0\0\0\0\0\0\0\0\0\0\0\0\0\0\0\0\0\0\0\0\0\0\0\0\0\00M;\0\0\0\0\0\0\0\0\0\0\0\0\0\0\0\0\0\0\0\0\0\0\0\0\0\0\0\0\0\0\0\0\0\0\0\0\0\0\0\0\0\0\0\0\0\0\'n:%\0\0\0\0\0\0\0\0\0\0\0\0\0\0\0\0\0\0\0\0\0\0\0\0\0\0\0\0\0\0\0\0\0\0\0\0\0\0\0\0\0\0\0\0\0\0	C\\u\0\0\0\0\0\0\0\0\0\0\0\0\0\0\0\0\0\0\0\0\0\0\0\0\0\0\0\0\0\0\0\0\0\0\0\0\0\0\0\0\0\0\0\0\0\0]`\0\0\0\0\0\0\0\0\0\0\0\0\0\0\0\0\0\0\0\0\0\0\0\0\0\0\0\0\0\0\0\0\0\0\0\0\0\0\0\0\0\0\0\0\0\05\\~ \0\0\0\0\0\0\0\0\0\0\0\0\0\0\0\0\0\0\0\0\0\0\0\0\0\0\0\0\0\0\0\0\0\0\0\0\0\0\0\0\0\0\0\0 mru:\0\0\0\0\0\0\0\0\0\0\0\0\0\0\0\0\0\0\0\0\0\0\0\0\0\0\0\0\0\0\0\0\0\0\0\0\0\0\0\0\0\0\'۵Y* \0\0\0\0\0\0\0\0\0\0\0\0\0\0\0\0\0\0\0\0\0\0\0\0\0\0\0\0\0\0\0\0\0\0\0\0\0\0\0\0\0]IMLl(\0\0\0\0\0\0\0\0\0\0\0\0\0\0\0\0\0\0\0\0\0\0\0\0\0\0\0\0\0\0\0\0\0\0\0\0\0\0\0\0\0<M7gL.yj\0\0\0\0\0\0\0\0\0\0\0\0\0\0\0\0\0\0\0\0\0\0\0\0\0\0\0\0\0\0\0\0\0\0\0\0\0\0\0\0\0\0eMiZUg\0\0\0\0\0\0\0\0\0\0\0\0\0\0\0\0\0\0\0\0\0\0\0\0\0\0\0\0\0\0\0\0\0\0\0\0\0\0\0\0\0\0I RU\'wn\0\0\0\0\0\0\0\0\0\0\0\0\0\0\0\0\0\0\0\0\0\0\0\0\0\0\0\0\0\0\0\0\0\0\0\0\0\0\0\0\0\0\rF<c<,<Ϡ\0\0\0\0\0\0\0\0\0\0\0\0\0\0\0\0\0\0\0\0\0\0\0\0\0\0\0\0\0\0\0\0\0\0\0\0\0\0\0\0\0\00/0ϰ\0\0\0\0\0\0\0\0\0\0\0\0\0\0\0\0\0\0\0\0\0\0\0\0\0\0\0\0\0\0\0\0\0\0\0\0\0\0\0\0\0\0/%آ8\0\0\0\0\0\0\0\0\0\0\0\0\0\0\0\0\0\0\0\0\0\0\0\0\0\0\0\0\0\0\0\0\0\0\0\0\0\0\0\0\0\0\0_%!c\0\0\0\0\0\0\0\0\0\0\0\0\0\0\0\0\0\0\0\0\0\0\0\0\0\0\0\0\0\0\0\0\0\0\0\0\0\0\0\0\0\0\0xY0AH\0\0\0\0\0\0\0\0\0\0\0\0\0\0\0\0\0\0\0\0\0\0\0\0\0\0\0\0\0\0\0\0\0\0\0\0\0\0\0\0\0\0\0di{\r\rY:@\0\0\0\0\0\0\0\0\0\0\0\0\0\0\0\0\0\0\0\0\0\0\0\0\0\0\0\0\0\0\0\0\0\0\0\0\0\0\0\0\0\0f\0rh_H\0\0\0\0\0\0\0\0\0\0\0\0\0\0\0\0\0\0\0\0\0\0\0\0\0\0\0\0\0\0\0\0\0\0\0\0\0\0\0\0\0\0\0\0`3Y!6Z\0\0\0\0\0\0\0\0\0\0\0\0\0\0\0\0\0\0\0\0\0\0\0\0\0\0\0\0\0\0\0\0\0\0\0\0\0\0\0\0\0\0ƴؙeg\0\0\0\0\0\0\0\0\0\0\0\0\0\0\0\0\0\0\0\0\0\0\0\0\0\0\0\0\0\0\0\0\0\0\0\0\0\0\0\0\0\0hFN5YMŧ\0\0\0\0\0\0\0\0\0\0\0\0\0\0\0\0\0\0\0\0\0\0\0\0\0\0\0\0\0\0\0\0\0\0\0\0\0\0\0\0\0\0UÏՋeA\0\0\0\0\0\0\0\0\0\0\0\0\0\0\0\0\0\0\0\0\0\0\0\0\0\0\0\0\0\0\0\0\0\0\0\0\0\0\0\0\0\0}Qe|H\0\0\0\0\0\0\0\0\0\0\0\0\0\0\0\0\0\0\0\0\0\0\0\0\0\0\0\0\0\0\0\0\0\0\0\0\0\0\0\0\0S9@\n_iYenZ\0\0\0\0\0\0\0\0\0\0\0\0\0\0\0\0\0\0\0\0\0\0\0\0\0\0\0\0\0\0\0\0\0\0\0\0\0\0\0\0(4M]YG&\0\0\0\0\0\0\0\0\0\0\0\0\0\0\0\0\0\0\0\0\0\0\0\0\0\0\0\0\0\0\0\0\0\0\0\0\0\0\0\0$ԍxQtq7@}wL\0\0\0\0\0\0\0\0\0\0\0\0\0\0\0\0\0\0\0\0\0\0\0\0\0\0\0\0\0\0\0\0\0\0\0\0\0\0\0\0^\\aXu\0\0\0\0\0\0\0\0\0\0\0\0\0\0\0\0\0\0\0\0\0\0\0\0\0\0\0\0\0\0\0\0\0\0\0\0\0\0\0TAW?O}UU$ P\0\0\0\0\0\0\0\0\0\0\0\0\0\0\0\0\0\0\0\0\0\0\0\0\0\0\0\0\0\0\0\0\0\0\0\0\0\0\0]M#iU<0\0\0\0\0\0\0\0\0\0\0\0\0\0\0\0\0\0\0\0\0\0\0\0\0\0\0\0\0\0\0\0\0\0\0\0\0\0\0\0`_hQhwuM\0\0\0\0\0\0\0\0\0\0\0\0\0\0\0\0\0\0\0\0\0\0\0\0\0\0\0\0\0\0\0\0\0\0\0\0\0\0fhW\Z[i(#\0\0\0\0\0\0\0\0\0\0\0\0\0\0\0\0\0\0\0\0\0\0\0\0\0\0\0\0\0\0\0\0\0\0\0\0\0\0\0XWUQ\0\0\0\0\0\0\0\0\0\0\0\0\0\0\0\0\0\0\0\0\0\0\0\0\0\0\0\0\0\0\0\0\0\0\0\0\0\0T^dU}Fm\0\0\0\0\0\0\0\0\0\0\0\0\0\0\0\0\0\0\0\0\0\0\0\0\0\0\0\0\0\0\0\0\0\0\0\0\0\0X_}UTi\"\0\0\0\0\0\0\0\0\0\0\0\0\0\0\0\0\0\0\0\0\0\0\0\0\0\0\0\0\0\0\0\0\0\0\0\0\0\0\0.u]ASfPs\0\0\0\0\0\0\0\0\0\0\0\0\0\0\0\0\0\0\0\0\0\0\0\0\0\0\0\0\0\0\0\0\0\0\0\0\0\0\0KIcQ2M~X#eD8h\0\0\0\0\0\0\0\0\0\0\0\0\0\0\0\0\0\0\0\0\0\0\0\0\0\0\0\0\0\0\0\0\0\0\0\0\0\0W(I*T] X \0\0\0\0\0\0\0\0\0\0\0\0\0\0\0\0\0\0\0\0\0\0\0\0\0\0\0\0\0\0\0\0\0\0\0\0\0\0\0VCutD}(\0>(\0\0\0\0\0\0\0\0\0\0\0\0\0\0\0\0\0\0\0\0\0\0\0\0\0\0\0\0\0\0\0\0\0\0\0\0\0\0T1RJlĐ)[<\0\0\0\0\0\0\0\0\0\0\0\0\0\0\0\0\0\0\0\0\0\0\0\0\0\0\0\0\0\0\0\0\0\0\0\0\0\0\0\0I\nEA)$e\nS\0\0\0\0\0\0\0\0\0\0\0\0\0\0\0\0\0\0\0\0\0\0\0\0\0\0\0\0\0\0\0\0\0\0\0\0\0\0{Χǯ/ \0\0\0\0\0\0\0\0\0\0\0\0\0\0\0\0\0\0\0\0\0\0\0\0\0\0\0\0\0\0\0\0\0\0\0\0\0\0,Сo<\"mu\0\0\0\0\0\0\0\0\0\0\0\0\0\0\0\0\0\0\0\0\0\0\0\0\0\0\0\0\0\0\0\0\0\0\0\0\0\0\0F<Ľ4`[>|\0\0\0\0\0\0\0\0\0\0\0\0\0\0\0\0\0\0\0\0\0\0\0\0\0\0\0\0\0\0\0\0\0\0\0\0\0\0\0L5\Z7QzyU*\0\0\0\0\0\0\0\0\0\0\0\0\0\0\0\0\0\0\0\0\0\0\0\0\0\0\0\0\0\0\0\0\0\0\0\0\0\0\0!S/UF\"^S\"\0\0\0\0\0\0\0\0\0\0\0\0\0\0\0\0\0\0\0\0\0\0\0\0\0\0\0\0\0\0\0\0\0\0\0\0\0\0\0<ƞ@\r\'PŶ,\0\0\0\0\0\0\0\0\0\0\0\0\0\0\0\0\0\0\0\0\0\0\0\0\0\0\0\0\0\0\0\0\0\0\0\0\0\0\0\rCiU}\0\0\0\0\0\0\0\0\0\0\0\0\0\0\0\0\0\0\0\0\0\0\0\0\0\0\0\0\0\0\0\0\0\0\0\0\0\0\0\0],A_iP\0\0\0\0\0\0\0\0\0\0\0\0\0\0\0\0\0\0\0\0\0\0\0\0\0\0\0\0\0\0\0\0\0\0\0\0\0\0\0O63V@R0\0\0\0\0\0\0\0\0\0\0\0\0\0\0\0\0\0\0\0\0\0\0\0\0\0\0\0\0\0\0\0\0\0\0\0\0\0\0\05{F~\0\0,\0\0\0\0\0\0\0\0\0\0\0\0\0\0\0\0\0\0\0\0\0\0\0\0\0\0\0\0\0\0\0\0\0\0\0\0\0\0\0l_f߮mFZAmG\0\0\0\0\0\0\0\0\0\0\0\0\0\0\0\0\0\0\0\0\0\0\0\0\0\0\0\0\0\0\0\0\0\0\0\0\0\0\0\0p	UIT_i}`h@\0\0\0\0\0\0\0\0\0\0\0\0\0\0\0\0\0\0\0\0\0\0\0\0\0\0\0\0\0\0\0\0\0\0\0\0\0\0\0WIU\0#*\0\0\0\0\0\0\0\0\0\0\0\0\0\0\0\0\0\0\0\0\0\0\0\0\0\0\0\0\0\0\0\0\0\0\0\0\0\0\0b>ief83\0\0\0\0\0\0\0\0\0\0\0\0\0\0\0\0\0\0\0\0\0\0\0\0\0\0\0\0\0\0\0\0\0\0\0\0\0\0\0\0kÏAL2\n!\0\0\0\0\0\0\0\0\0\0\0\0\0\0\0\0\0\0\0\0\0\0\0\0\0\0\0\0\0\0\0\0\0\0\0\0\0\0\02ǥê,L8\0\0\0\0\0\0\0\0\0\0\0\0\0\0\0\0\0\0\0\0\0\0\0\0\0\0\0\0\0\0\0\0\0\0\0\0\0\0\0\0Y7| <#H\0\0\0\0\0\0\0\0\0\0\0\0\0\0\0\0\0\0\0\0\0\0\0\0\0\0\0\0\0\0\0\0\0\0\0\0\0\0\0\0G?AGC&l\0\0\0\0\0\0\0\0\0\0\0\0\0\0\0\0\0\0\0\0\0\0\0\0\0\0\0\0\0\0\0\0\0\0\0\0\0\0\09Eu581;)\0\0\0\0\0\0\0\0\0\0\0\0\0\0\0\0\0\0\0\0\0\0\0\0\0\0\0\0\0\0\0\0\0\0\0\0\0\0\0^1Q40\0\0\0\0\0\0\0\0\0\0\0\0\0\0\0\0\0\0\0\0\0\0\0\0\0\0\0\0\0\0\0\0\0\0\0\0\0\0\0^.?56\0\nɤ\0\0\0\0\0\0\0\0\0\0\0\0\0\0\0\0\0\0\0\0\0\0\0\0\0\0\0\0\0\0\0\0\0\0\0\0\0\0\04Q=b<Mm\Z\0\0\0\0\0\0\0\0\0\0\0\0\0\0\0\0\0\0\0\0\0\0\0\0\0\0\0\0\0\0\0\0\0\0\0\0\0\0\04H@Cl-\0\0\0\0\0\0\0\0\0\0\0\0\0\0\0\0\0\0\0\0\0\0\0\0\0\0\0\0\0\0\0\0\0\0\0\0\0\0\0EU74ʀ\0\0\0\0\0\0\0\0\0\0\0\0\0\0\0\0\0\0\0\0\0\0\0\0\0\0\0\0\0\0\0\0\0\0\0\0\0\0\0M8(B諼\0\0\0\0\0\0\0\0\0\0\0\0\0\0\0\0\0\0\0\0\0\0\0\0\0\0\0\0\0\0\0\0\0\0\0\0\0\0\0 1m5AqiM\0\0\0\0\0\0\0\0\0\0\0\0\0\0\0\0\0\0\0\0\0\0\0\0\0\0\0\0\0\0\0\0\0\0\0\0\0\0\0\0\0\0\0\0\0\0\0C00\0\0\0\0\0\0\0\0\0\0\0\0\0\0\0\0\0\0\0\0\0\0\0\0\0\0\0\0\0\0\0\0\0\0\0\0\0\0\0\0\0\0\0\0\0\0\0\0\0\0\0\0\0\0\0\0\0\0\0\0\0\0\0\0\0\0\0\0\0\0\0\0\0\0\0\0\0\0\0\0\0\0&\0\0\0\0\0\0\0\0\0\01 !P0AQ`aq@p\0?\05KLN[J?U1~ƣJ2\"\"!!$ {Wz/\\!jZ-wWtIܒhy-%LD5%yV7n{ʜ4eyS;W+v/$e_Cz<y}/d\\C]ЂdqlN[Z6ɓūJ%ȟ\'hJ6,#9FpkQaX-)8<9;\\Q%|S:c8^<9;\\c͓YLs6.[ڬXEBQV4#i_suڬd#7M.\n7GT/EnjR\rU|F%ݛJH$>O)&\Z##E6vJz(n9V22ȜYxG4eZtN\';oZΰ$\r$n,h/Gid4Cixv\ZOh\\>F7\'lOc_Tn*%vFAFF/oœhFsXx886K2>ƙ;l\Z2JQ65^ck!)dh-<-V5*sq6hX{Q@o/X`jݳţ&n\rG`!/>W4QJS>)K,R)LdR)JR)JRRJ_\0$\0\0\0\0\0\0\0\0\01P !0@`AaQp\0?\0GA}\nI\'5EĤC!G A=>n}>~[\'{|%[RN7𯷦]>+֛|j3jI>\'9awW		.؃p7=D^XTP)j0A		\rvGbG%.D\'gbwYdtN\'HɂZ]b3$hAAwdHY]Ip|g+p</BئL/HWe,A9l$V\'e_1QbVZCbcVd%mi$Ema!ͶʰkmsXDlPm>RuV( <m0潭nkսMdJ{$K%O\0%\0\0.\0\0\0\0\0\0\0\0!1AQaq `0@Pp\0\0?\0\nYnģq윟9]!\0$`{Ҏ\0|1Q(\r{̺{҉usSbt}t0|{gWivA47AjK.\\r˗\0xizqz	K4Gf+eܔ䧜G[ve}}VNe9s,\\g-y\0X$ND++Seyeyegs;);:3!ەF= J*$H%G\nnL&ןu@*$H\"F1%~7Fe}xČc><,c?~c1nxX1c>+Gc?8t}CcyC1c㟽Gc𹛸y@Y\0Yl*S\nbb\"ˎ*WY]e9Qކ!:_bt=5$^\r|};	?LE^Ko_8]7.\\rŌ,X^._!>/`ulcrn\\/e-_1|/߅Vy\'1c/r	>rLc1.\\rr/kyA1X.\\rx\\r->\0cŌX˗.\\ryc,bŗ\\rx_u?~rֆbŋ..\\r˗x|8xر,Xbŗ\\r_11c,X˗.\\xߋ<X1bŋ<-獌XcXŗ.\\r˗.^ar5f5}@n-Bh\'3z02%{|C35{ǩ/\0QN2>ej5wCvuYݝ[+tw\"d~]0eˌfhDfWGS!2b˗|,6P\"CHAjcY;*\nU	^yQPнy\0WC\n\ZN*=!\'D<:Ym׼pv=#>BLu/ϝ\0VS_[[I67%39N6auiXz%&M枤{EU}v}~!N^))̺FŋGirŊ,XŃgI~^S7:1,X.\\XcK\04+kYv|cSXc4{b1cfeR۠>!3<xcϙ3O,ct~<T0gcğ1`(n~Q$4ܾ3qHJ$c~R`N=2~:Q7g\ruc>Tc4b8$c\r*iYΗa^Tx\\ϓʌp0XĬZjr/}|rh2ˌj81Q4<lHĂP9uH._XTpҎ5D$		s9|>rݝ §`c4\"K%DRX qFu\0J*-6c3X8T:ƱbDQ3b`kr~[,`\\3!5,HWOD$D3g\rҞCh\"JMLjWc`؇#KC}l28fE$H%J#.*&s}47?e*2rՌIQ\"D72$Ls^nZЖwuTtmbD*8XX*V\rw(jgՃ51cx8!Z4|E၀X8kJ1\"Fj81cX1jQegL_#c1/aYwO|\0~mVK~c1>618o;y\nq0|1p6,c8w~\0^m?86Fjvc171c/ܯ6+SDa2υc0mc8hct4lc18c_\0>ku+\rwc4~c\ron13_|wtc4`\Z1yQ98ߐcc1\0fx?K3|c1f_|G^D|t\Z1cX81cτk\'c1`6/c}c6qF1cHpwWњw~g;\\jN#()=B4).M +R.nCH1cಌ|.c9;z3Fj;\"b(J%%/GJޡHY\n%%WeEe5{Tf>t1Ŏ,c>khFKWO#-2j:AsZ_X7N`/c.rYrP\ZxӘ1|13}5_2e\")pK\0MobtZ\Z#q1#\Zh@4\0A.11i~Ϛf\rfb1L(\ZdoN+ɫ-SF{ws:\r*8UюX1lϛ_)z2{:ڢ<LduX@EmtHLz\"*=Q8\rΰۢfH˛U^Bu׽k[3\0j\"]=za;3p؇Z.gHK3<]\05-[KaN!gcpc>oz}tArG}~zrǳ4\Z,$\ZWxgfQjl5\ZH5:\\\\`wJ:D9_ߤKW@U_Drf¾莪^f>m8lϞ[i \ZGwhke9P>V-C9VgGr-PCpqYCwd\0SUXR^A4`U痭eyo\r*\'ƋAQzG56Zr{߱c=_94B+Dv\0jkf$R4>eƕUQF]b\ZekՌ4/SBy&ĸ@(%v\0,\"mHwS]wDd9祿&v|P=l(m\\/\"P\'5\0oW.ģըh9*[_b1uOE\"\Zx4c2P38A˨J۬rωT)a*,A_S\0+^ǀgpiU=3-8>F|\0ـh1c88F|\0وBh;E\03Uȋ4\0d1c\'9_>@Fը4kYcF:*\r[^RYUjz۸)6Yz̻H/ߕb0FnOqdS3V}hN%r@\rn` PyDɤ*,lVIT3(;MS<,pcGXT{#WM:Gj[y\Z/zQ|`i̮\0E28\rZM;j/NԤwSME кs^CkGUN`j]n=mjfkijyvmWѽl\n-^!@	K\0%$l\ZiqcfqM(Vh8kPl֒PJwlCyMel{91cs*/ů;yЀU.#Fz-\'c#Yy8WWjY^ޱz#\'\'\'cig4rjn0->gQlvȿu*ʭZxQP:#e_w9LR4H\nc	\r\rZ8IpG`=EsuN4XpJ.8W`CM1@;þA%Z%!鼩bl1eNΆWM zzJ(VK3˂ 3^)LTBȵ\0l) 9\n=\0.!E|3^)]䟶\rx8m>?58\Zs\'ét]5k|Atvb hh];0iA0;}匹#HU7t%\ZvFєQEsƺӞgUVYu~J[ZhA)1\0IGcHkz\"VEnPBħtYȹ#SshmARۡy [(Lz$V7wXq|rvh\rrmHÆqm5^kYMp`.ؐVͅqa\'pAo*3.sV\rFv_pgD\'Ch%;9JMuN`=\'׉izC0Ѡl;G6@2(Eڇ;əF&iں*@\\%6B,@!QȐMD|g].fֺ\0\0(#ͩP\Zx#y~\r1hvn e\\((xIiPkZNj\0P8k&Iiä\"d%ӆ{MWgynQ9^ֈͮ+	!GcZA9sl%Z ҵ/2B	6F#WQѼx:{3F\\D&fʹ+m,)P	s6Ha(\ZFo)l/S-třXg]pc8濘\Z`ә2zĔ!e(Yf Uoo\0U\\	gs//J=`M\n+e-ѡO%kq4oG(t^J%wjCB9x ZY0{,L;}\"Ih	kg@,\\Q@/;W\0&@`9߸RZWZӇsT6\rh=`\\A	`;*ppckLѕ730J\0\\uް8\r%yQߙcUm^Λ0Cy	rƆeO7MSYLΗi\r.Vz0Ad\\(^O B\Zd\0oi\Z]avsX6F9tSQQ_5T;Jsu&oݼi_rEpA)w\rSN\n.<Xy1e~׼m;VuzuN:4Xd޷[J#v\0 ŷ=`y@=e)@K8tNf.2ު:c=5l\Z1hʗ7v=oSeե;3|nA\Zs6쑌hV[sM4ּTޕ\0fgŎZ*27:ߤ<Z1c8\07Cn|M]x\Zdݜ:$:YuT-(<&`E[zQ~Bۨ?-Vu-PRŚ(5#\nSA}<\rf-\n\r5)Vĝ}aP\ri\r]}NPm9_p45y\rg\0nBǙl)w+ME7mrh:LdUܤy(Ҿ\\no1y&R23\neZT=`Ħ&\rvFl`o\'z}m*.jlkN̭ۿ}cQa@E/Td\\dB\n/C&4ǣ5N`jw+\r\nÖE0e N^ުxN^n}^ĺdi5R6PB!sv1q߯6\Z,6n+=0:-@u\"Vf]8S6+.z7\r^\"ۈl])PJpԟ\Zَ`SyHՀ7:D ͅ\0e7XsbJ״b%wb^t[oaؾTַgTn8]X1~ٝf$i4	\"S\Z1X1y?^lB5XZM7)+t\n:F1Ōq#18o>7͗;3\\Lmj6ZAظ38wPX^qELy{2%#P0Vt@WCX-hX1c~xp@IsDG&r\\{Qe#wp\0[8lt9`!Qcxj57e\r{-Bo6^iVނgz<_\r}ڧ3ʽ|fZ1ccR|?כ\rVn3ʞcT\ru]Q 2:]C3N\0n\n/E\0afUx75\\WMx@Ar7q(2?Ϯd}\0q1cjOgk>rȴ/Ԯ-[̺74Q(YV5Jn8\rW\r4NK6%X].ak%.G!=f@v~~\0\\#k{<Lc1ϋf_MS<:_IJ[}\\$kmؕXdp~@4Lw4DYe3tNݪjɺާ%ޱkO\r2&881c7g,\r7U\nl	jnHQd(\"\"b g(G\ru&@޴jTn1B25XUck_1c8|xfxL]A-~в.fj_\ZM;%VYh8a\nU|Jꖾ1cϕp5&P̀2KfiC&\0=<݌ì\0T2?%\nGW68	)M#,@qAo%c0*s|C,zȳ^j$\r#8\0>s5!-_JS3-\"c%;IrM;z)>n-i!vz1dX11][Kl%ے[DZLeJmQ:py˷\rs?qg_7l&ÌT=e\rYD7$eWHHk]_kHV\"Sl/n18[\\VQ0MEͩʈPRyfG\ni|]y#/y&\r(ܢCUw*sxh(&TA\0Mp|8[4\rԎxi-V?iCES~ilWoҶr8]ZHpi,c6GC	4M~ҿC֧<{K+tp#411Ō|.c1~l	1њ>1c8kfNMpXLc|N,c,c0^2z?Ff&њfneVUZNW7l;z1cug0of\\հ\'SZI	^Л\nklJVkߜo1pcGo>ф&21љn:γV+:AdTEn8/KjwLJӤs/c1py}~lDp1Lu \"Xv:r(\"Zwi,ikH1Xe=O6}o\"/ūVW#ڢlt-{@[V1f2N>DDֲ]eDtJ`#3[˪1cg>)61њXiǖdli)BKW@wXk\n۫Z6{7BfM1c8,͏/(9G5q0t*1c1?yyW)yMGI11cś>6}&l!1cŌp<٧3hL4;~,qcX,X\Z\0g2GZK<ajw|,XE\\k<s_d%s`5cXqbŋ\\_/9~=gl/.<R)~6h1bŋ,|,Xb#%t1pbŗ,Xb\\,4px \"b [rG\\bŋ.XbXQI923rɖV,\',ɗ\Z%̏00˗,Yr˗-Vk)Gqye>ʅ0u v@rNMx|qb˗..Xb9^Ul;6 DK:VR9.wîQ\Z߃2,=m	Gk:2[`%ϛfBa7FGmresQ%9 +\\4\ry\r\"b9\'Ke0Ek9ӅiLhtCB`Fh.8v+i@Nί|N:̿UNB86FAS`ez##GO<Jq): 8\0vB;gl$ Iyg aS`gI&̓9RJ\0\0<\ZibJ*TRJ\0\0\0\0\nyΥJ*TRJ*TRJ*TRJ*TRJk\Z+ԯ?'),(7,'Jabón natura','Jabón exclusivo para la cara',9000.00,'2022-07-07 17:39:15','2022-07-07 17:39:15','1','\0JFIF\0\0\0\0\0\0\0C\0\n\n\n\n\r\r#%$\"\"!&+7/&)4)!\"0A149;>>>%.DIC<H7=>;\0C\n\r;(\"(;;;;;;;;;;;;;;;;;;;;;;;;;;;;;;;;;;;;;;;;;;;;;;;;;;\0\"\0\0\0\0\0\0\0\0\0\0\0\0	\n\0\0\0\0}\0!1AQa\"q2#BR$3br	\n\Z%&\'()*456789:CDEFGHIJSTUVWXYZcdefghijstuvwxyz\0\0\0\0\0\0\0\0	\n\0\0\0w\0!1AQaq\"2B	#3Rbr\n$4%\Z&\'()*56789:CDEFGHIJSTUVWXYZcdefghijstuvwxyz\0\0\0?\0j(\n(\n(\n(\n(\n(\n(\n(\n(\n(\n(\n(\n(\n(\n(\n(\n(\n(\n(\n(\n(\n(\n(\n(\n(\n(\n(\n(\n(\n(\n(\n(\n(\n(\n(\n(\n(\n(\n(\n(\n(\n(\n(\n(\n(\n(\n(\n(\n(\n(\n(\n(\n(\n(\n(\n(\n(\n(\n(\n(\n(\n(\n(\n(\n(\n(\n(\n(\n(\n(\n(\n(\n(\n(\n(\n(\n(\n(\n(\n(\n(\n(\n(\n(\n(\n(\n(\n(\n(\n(\n(\n(\n(\n(\n(\n(\n(\n(\n(\n(\n(\n(\n(\n(\n(\n(\n(\n(\n(\n(\n(\n(\n(\n(\n(\n(\n(\n(\n(\n(\n(\n(\n(\n(\n(\n(\n(\n(\n(\n(\n(\n(\n(\n(\n(\n(\n(\n(\n(\n(\n(\n(\n(\n(\n(\n(\n(\n(\n(\n(\n(\n(\n(\n(\n(\n(\n(\n(\n(\n(\n(\n(\n(\n(\n(\n(\n(\n(\n(\n(\n(\n(\n(\n(\n(\n(\n(\n(\n(\n(\n(\n(\n(\n(\n(\n(\n(\n(\n(\n(\n(\n(\n(\n(\n(\n(\n(\n(\n(\n(\n(\n(\n(\n(\n(\n(\n(\n(\n(\n(\n(\n(\n(\n(\n(\n(\n(\n(\n(\n(\n(\n(\n(\n(\n(\n(\n(\n(\n(\n(\n(\n(\n(\n(\n(\n(\n(\n(\n(\n(\n(\n(\n(\n(\n(\n(\n(\n(\n(\n(\n(\n(\n(\n(\n(\n(\n(\n(\n(\n(\n(\n(\n(\n(\n(\n(\n(\n(\n(\n(\n(\n(\n(\n(\n(\n(\n(\n(\n(\n(\n(\n(\n(\n(\n(\n(\n(\n(\n(\n(\n(\n(\n(\n(\n(\n(\n(\n(\n(\n(\n(\n(\n(\n(\n(\n(\n(\n(\n(\n(\n(\n(\n(\n(\n(\n(\n(\n(\n(\n(\n(\n(\n(\n(\n(\n(\n(\n(\n(\n(\n(\n(\n(\n(\n(\n(\n(\n(\n(\n(\n(\n(\n(\n))@Iihh\0(\0(\0(\0(\0(\0(\0(\0(\0(\0(\0(\0(\0(\0(\0(\0(\0(\0(\0(\0(\0(\0(\0(\0(\0(\0(\0(\0(\0(\0(\0(\0(\0(\0(\0(\0(\0(\0(\0(\0(\0(\0(\0(\0(\0(\0(\0(\0(\0(\0(\0(\0(\0(\0(\0(\0(\0(\0(\0(\0(\0(\0(\0(\0(\0(\0(\0(\0(\0(\0(I\',\\?5Y?\ni\037AԚ\0ޮpϽ2K3GU	,sF;`{Pgjj#M_ b$i	@>Z<!A$Ҹ~hL,Tpxp/QT{ѹSEFG|ϭij>#CEEW[xfYU\Z`>((((((((((((((((((((((((((((((((((((((((((((((((((((((((((((((()(i	\n2i*8\0rO4ycQfp3d1]w[cI$=i\\b\0nмzՈ{>nQx\0OsMy\0r\rJdm*f\04.;S<G@*\r;b\n4\nZpSKڂ&B&\"[$2o(`QE\0QE\0QE\0QE\0QE\0QE\0QE\0QE\0QE\0QE\0QE\0QE\0QE\0QE\0QE\0QE\0QE\0QE\0QE\0QE\0QE\0QE\0QE\0QE\0QE\0QE\0QE\0QE\0QE\0QE\0QE\0QE\0QE\0QE\0QE\0QE\0QE\0QE\0QE\0QE\0QE\0QE\0QE\0QE\0QE\0QE\0QE\0QE\0QE\0QE\0QE\0QE\0QE\0QE\0QE\0QE\0QE\0SY>4pù%343+b*rzr~\\FeM3\nF\0Oʘd\'&\\R7\ZɩъCt`IV1AP{P\"Cq\\9OAGEC0wp8bbP>\0AJ( å9aR:ӆ(1})sLCQ\0LPP\0ER\000fG4R\Z\07QRU5mV2)(EPEPEPEPEPEPEPEPEPEPEPEPEPEPEPEPEPEPEPEPEPEPEPEPEPEPEPEPEPEPEPEPEPEPEPEPEPEPEPEPEPEPEPEPEPEPEPEPEPEPEPEƑ\n\0}G@M0݀ZWzB@<Uc)=XS	EF??Ni\ZI@	4ݦ- wh4RK~(0\ZSK\0n(	1J8hIiS\0m.)vK\Zv!\09KNHE%bh%4STKL4%\0yJ%a\"4&4Hlm\r:(((((((((((((((((((((((((((((((((((((((((((((((kH2iCC7PT{t4FX=?DNUbךP{.\0hI*h\0H)1Qm\07$R\0n(:PbSJSѶ\r\0fV1HiKE0HmZ@(f-\0!4s@30)9@\n[m&H2&fG\ZJ49!qN\0Z(-%\0R@)qH)h)sR\ZaaO4L	-iD۔ބ`QE\0QE\0QE\0QE\0QE\0QE\0QE\0QE\0QE\0QE\0QE\0QE\0QE\0QE\0QE\0QE\0QE\0QE\0QE\0QE\0QE\0QE\0QE\0QE\0QE\0QE\0QE\0QE\0QE\0QE\0QE\0QE\0QE\0QE\0QE\0QE\0QE\0QE\0QE\0QE\0QE\0QE\0S\ZT^w>WjJf1ߍM\Z\\gi\n.U4#!UZnZFobP袌Z\\\Z1@\rQ@4-.)h-(sL9O\n:X4\0PBRZZ(F(I@IJLPHZNHhlPB}&hɠ9f0PN9}E\0!4Ӑi%!(i@Z6\0)i(-f\0^)\0(JZ`-	j2sJi3@O4fii99ZЬU)-PQ@Q@Q@Q@Q@Q@Q@Q@Q@Q@Q@Q@Q@Q@Q@Q@Q@Q@Q@Q@Q@Q@Q@Q@Q@Q@Q@Q@Q@Q@Q@Q@Q@Q@Q@Q@Q@Q@SK4\0*&fb{Ҹ	Tt&@gԓ4Rt&Ѷ1@	R1.(N+`6xP(mIM `b\\S@-P04f64ҙOeJ6\"\0iHzRE1isIE):P)1CQE0\n:QMb(nh S)ޔSE-1IEњ\0s!i6rM\0	Җ)\0QEZCE\0PjB)LC\r0O4H1SU8_dޮS@QE0\n(\n(\n(\n(\n(\n(\n(\n(\n(\n(\n(\n(\n(\n(\n(\n(\n(\n(\n(\n(\n(\n(\n(\n(\n(\n(\n(\n(\n(\n(\n(\n(\n(\n(\n(\n(\nk2PK\ZmI9<~iNM;QN\nx\0bR(\0%ih1IOJ\0EOSNLoZ3.sE&h\0.yI\0/4<1\Z\r\00q֗43@nhԹi\0Qǥ#\Z3@E%\0QIE8Q֒EP00SHJh \0S Sh4\r=P)$)\\Ҋ5\"pQ\r\n3@E%-\0QE\0-Q@zZM\"a2x6dT͆(\nh4QE0\n(\n(\n(\n(\n(\n(\n(\n(\n(\n(\n(\n(\n(\n(\n(\n(\n(\n(\n(\n(\n(\n(\n(\n(\n(\n(\n(\n(\n(\n(\n(\n(\n(\n(\n(\n(yPun\0VWJy95 q->M@.3H)Fh)\\Lb\nZLњ@i@Lc@86hɦf9\'\04▀\n3IA\0HAZh4h)%B3@S!Ȥ\nqIE0qKJ^)R@QE \nZ( P0E 7JCHM1\rR)@ɢ\nSK1Lc{ќi9 )C=i@\0bɦi(bE\0QE\\њLR0u!-nri\010Ԍ)i8oCN4(9tx*Z\n(\n(\n(\n(\n(\n(\n(\n(\n(\n(\n(\n(\n(\n(\n(\n(\n(\n(\n(\n(\n(\n(\n(\n(\n(\n(\n(\n(\n(\n(\n(\n(\n(\n(\n(\nɾ}Z6ٽafC0$AH*$5(I\"\nj\n)E4S\0=Gzx) `ӳL\0\r \nJZ1@<iƛ@F(LJ4\04⛓u\0 !x<袐Zipnyq4\0y\"-yFh\0/QMTy(fJ	4\0\0AiitehII\0h\0\0A4CI@C@\0`RBE-!x٧gJb\rC\0\':P\r\0=GzSHhHژ4q@IldV8`Gjr;@-QL((((((((((((((((((((((((((((((((((\n܁I?>}kCToVg-Ɖ֥\nfZ\nxNBNiӅ0$J)@wR\0i:R\Z%-%/Nh\0\"!LBޛGPS&):\Z\0w`Hy@)(sȠRu\0E\09O<cH8#W(l58ƀ\Z:fҚifJ38zQL\r8c@r(}(MRnh\0:Lњ@)QKځQ%*j&=)j_#4\0PM-2C41*eR`wJ`{4h<V!SsN\'ifPQAQL L=0#֒CHlMXԖ\\v4r(\0(\0(\0(\0(\0(\0(\0(\0(\0(\0(\0(\0(\0(\0(\0(\0(\0(\0(\0(\0(\0(\0(\0(\0(\0(\0(\0(\0(\0(\0(\0(\0(\0(\0(3RQ#UߚVU)ǥH|ԣ	8SE8Up\nh0ڜ\0њhfIE(HisFAciGRPx@\nyIA4PER\0}i;4:Rz`JQ\0u1!O/\nTP1qNhB4f.L\'֐.i!#֘Kȣ<@zuq5=$i\\dQ\nx5B(\Z\0RfjčAqcBDaV@l\Zȡ\0S*Bj9jb\0c֢9j`~lثz,2:85:SRӅD}Z84\0Lhn)\0S6(iMcL4RȤM\'CN\0AT͔+S\0QE\0QE\0QE\0QE\0QE\0QE\0QE\0QE\0QE\0QE\0QE\0QE\0QE\0QE\0QE\0QE\0QE\0QE\0QE\0QE\0QE\0QE\0QE\0QE\0QE\0QE\0QE\0QE\0QE\0QE\0QE\0QE\0QE\0QEr33w 5jqjG֧u\0q\nn8\n`8S2)JiP!iE%4Ġ(=(Z1GCJh\0Fi(RP\Z)h4\0)x\06R(1xPRfPތf\0\\њJ(!84\ZUOzL>oHJ9`;Ki	1\"83m2ޥu]PRw\0\0)R!A3O4rjI@9QK`ЕFr˘0\r\0ZH\"1`ҀJh@OޔqQqa&v)=riUiG:i	e18\\`!*TdӺP{G*!YTeMJp+QbL\Z4T!ARP\08GzCI\ZZkSy6E\00\Zq@m֮U8`j>ES\0(\0(\0(\0(\0(\0(\0(\0(\0(\0(\0(\0(\0(\0(\0(\0(\0(\0(\0(\0(\0(\0(\0(\0(\0(\0(\0(\0(\0(\0(\0(\0(\0(>oUXQH2Աj6U5<G$)u8S{R;H)J(J\r%b3IҀG4f&xKI@	KILCbE!֐(@(XPQWiNz<jZ7ͪ9i|cKő(f9W\ZUr:Bps5KRN5OT\"4RcҢ\'i\rBZZ4zw^w\ZYt0)zJ&^J)@\nEBwjjcZl+#ǎG\"3ҔԏyQLM-@sJQ|S@1EFx9PcCONQ&(c\nO@	1LjJL!3J)3:RQ@QK@\r\'֕!(\"Z\0n(b(29O\"hnU\rOlܑMf(EPEPEPEPEPEPEPEPEPEPEPEPEPEPEPEPEPEPEPEPEPEPEPEPEPEPEPEPEPEPEPEPEP}S3UR2*3D:lg,;4)EPMZuS0S0)OJnqKh\0QE0I@Ţ4\Z-ғE3IގS8CI!U|Kvs4^:w%!6h\0:њ^Y\'Ut;j;1S1[4٪l0銲\Z@S̿JliT-Ʋ3)E 4U \n@F)ۅ;P:\nl֍֔LA.qȨ9Z2	\"hbWz2@↻$9}EH	7QDTp{TZcqO4S8zc4R{SJ֝Fi\Zoz/҃Fh@q@\0RҚ1@	E(RS(sIyQe!iG4)FhSHHFiOJqM47k6\Z\0E5TEPEPEPEPEPEPEPEPEPEPEPEPEPEPEPEPEPEPEPEPEPEPEPEPEPEPEPEPEPEPEPEPEP;/ҩ_\"|VyIYT\ZF\Z?2`sPHKj\0KMipN#*iM\0wsL8&xPisK(\0q%bz\0RMBb`>nzScOGJ{~7\nOccÚpQXJmr*H\"yzwg9^*b\'c	=j1ҝTDij. ct\\\nn8K585aW\\gh`88JAy4aб4TtBNIȥSBҪiN{R)sL8ZhB9=(2\nq<s@Q@ŢIH`:))s@Q)hbE-\'z\0(P (QFh\0-KHihvRZQHBR/JCLdM֚zۭ24SI\0xj䊱TEPEPEPEPEPEPEPEPEPEPEPEPEPEPEPEPEPEPEPEPEPEPEPEPEPEPEPEPEPEPEPEPEPkv>5ծ\nb$R7^\n8D88oc:S0S\08S2)m(4M:0\ZJ)QGҀ\Z˓F8\0-PӐx\04P\r?\\wM!ozw#L\nP(Gݹ@6Hs/ZIU<:#RUh05j|SdMÊ\Z\nGE<ZQ\0Sof?*z!=xBc)H;w=8\0\\SɪB@\r4Ӷ1@\r*6O4z )GJn})s@E&hhx=<P\Z^(.)\nQFsEQE\0-%@QH(EN\n\rE%Z))hQIK@\nCҘ%=\0m%:	ăޭ58aV(EPEPEPEPEPEPEPEPEPEPEPEPEPEPEPEPEPEPEPEPEPEPEPEPEPEPEPEPEPEPEPEPYɶLTף{R`g+`j6掤c*5i{▛Z8\Zx4N\0(1EPJ\\Q@.i;h\0QH fL L4)9恉J(%1G$AG\r8Ѹ56}\r5סsHdR擥P\r i7t\0cqoO\0(<њ`--%&i\0)Gi-\06Қ1ZLRb)\0P)Z^\0i1G4\0Q@ĥ4QE\n3E!4fLP0\0E(\0)i(fژhRbF(eNTUr*xE(\0(\0(\0(\0(\0(\0(\0(\0(\0(\0(\0(\0(\0(\0(\0(\0(\0(\0(\0(\0(\0(\0(\0(\0(\0(\0(\0(\0(\0(\0(\0(\0*OHr{#qOD˶B=)wFGJ(c`(@<SiACi(qEq@z(sKH{sHRg(1)~)R\0ZJ`(J1@h\n(\0(4\0J\0Z)?\n\\E\0\\њJ\\PQJ(hǥ7\\H41)iA4PJ@PKFh@F\r\n0\r\0QL\0R`4\0C@8Jh\r%0b4PQE\0.x\09%% JLњ\0vh34fIJ(\0Ru$]J(Q@Q@Q@Q@Q@Q@Q@Q@Q@Q@Q@Q@Q@Q@Q@Q@Q@Q@Q@Q@Q@Q@Q@Q@Q@Q@Q@Q@Q@Q@Q@Q@Q@#|\rYTrc8^)&0i\0G3LO))E\0IJ(KHiiQE1F)E)ojNSh\0Ty,()PSڝqGҌRP0	Ef\n(\n(\n(RE\0%-P)h\0P(<)\0<S\0!z<jm%\0?x\0s֔M.q@qK&!X:QL)\r\0-%&}hZ)\0vi3ILHM4L٣4f\\3K\0viiKMSi}`MES\0(\0(\0(\0(\0(\0(\0(\0(\0(\0(\0(\0(\0(\0(\0(\0(\0(\0(\0(\0(\0(\0(\0(\0(\0(\0(\0(\0(\0(\0(\0(\0(\0(}(1Y)cI\Zs\ZbT!8☵\"ۊ\0iS~\0(9})`-9b4QER\0L >x@⓽JI\0`1KI\0:QE\0QE-\0%\0b`%-\nJZ(\0(\0(\0Q@If(sKZfiE 4E-:t4Q@Z8\0(E Lf&i3HO\0;4ؤ-@&E34~E4%\0QI@&&sIFi@Ku.\0u.u.hPjXGSP/5mj!QE0\n(\n(\n(\n(\n(\n(\n(\n(\n(\n(\n(\n(\n(\n(\n(\n(\n(\n(\n(\n(\n(\n(\n(\n(\n(\n(\n(\n(\n(\n(\n(\n(\n(\nz\n\0[M0RE\Zz*F8pqRj8c\0i<(Q@8tҭ0)i)rh\0@<4vhi3J,ES\0Q@\0\0(\0(\0))i(\0&h((1K@	)h)(hIA44␚7PFi\0?44vLI4fQ\0\\њni7Ri7QpLwRFE7#i֐4ԛ٣4Ԅp7TysLM8U؞椪B\n(Q@Q@Q@Q@Q@Q@Q@Q@Q@Q@Q@Q@Q@Q@Q@Q@Q@Q@Q@Q@Q@Q@Q@Q@Q@Q@Q@Q@Q@Q@Q@Q@Q@%-:앗$gOzu\0US(p#!}h2<c?sLDtRJ@AJ`IK֘ڝ@ES\0((\0(\0Z(Pf@\0\\PIKE\0%J@(i(IFE!4Z)7PRL+n晚3@&>\0;47S٤7u&@83L@9n-L\'3J.2sL&\0fBh۱J_4HFsIa:ъv(4b\\S`⟴҄5G=R8S\04z\nbN*(UPQE(\0(\0(\0(\0(\0(\0(\0(\0(\0(\0(\0(\0(\0(\0(\0(\0(\0(\0(\0(\0(\0(\0(\0(\0(\0(\0(\0(\0(\0(\0(\0(\0(\0(\0(\07øVzYҦɈT9\\zP)iHc\rKl~U\"B\0#\0fO#\'=)PQZJ)z)QE0\n:(<PQKIH(E\0Rњ\0(PERhg4\0)Af;P@l4\03L$њ.њ@8744f4bgLInh 4f\0vi	&Ѻ4RIԙ♺$7Sh@HM&(\0<Rh8-8\n,1P)sKm&-<\ZP))qE)E\0OQLX2pӵ11¥EPEPEPEPEPEPEPEPEPEPEPEPEPEPEPEPEPEPEPEPEPEPEPEPEPEPEPEPEPEPEPEPEPEPEPEPU/޼Ue403N\Zf1KHS(&41*֘\r	NSIEE5O4L4f\0Z(\nZJ(i)EaE&R3M iOA	42RHkژ8z8#\'Қ^L&I3ޣbu5bHqi8@=y5Jhpo\\[Rn_pJ%ќ9p,n4Qd\0sKz`?4HM\0;43A4vMi	f4HI4vi3I\\Pf\\R)ihQjM0\npZv\0m`QLњ\0Z3I(h\0;4fJ98\0.ii82yL\n٧*;k9Ԙ;+lrU(EPEPEPEPEPEPEPEPEPEPEPEPEPEPEPEPEPEPEPEPEPEPEPEPEPEPEPEPEPEPEPEPEPEPEPEPEPEP	SdTkZNUSR1iE 9Z(E\'4D:T\0&8\"SRR\0JZ`&Mh%\0;u(l(4\0Ɗnh\0PTe)\\dS[ dU5*gW	&i1QPѸ=)duFsU84SEV9QM9)\0fwSriniffcOUsSG.\']Lk=	Ȥ\06qAiv)1@sIy^) K1@SF@7bpZ`3m.~6!O4\0ݴ&撓4fILњ@.h74f(Tg?*Ti+uhf-ſJa>Ng$R?D529^W[H׮ZTU:`QE\0QE\0QE\0QE\0QE\0QE\0QE\0QE\0QE\0QE\0QE\0QE\0QE\0QE\0QE\0QE\0QE\0QE\0QE\0QE\0QE\0QE\0QE\0QE\0QE\0QE\0QE\0QE\0QE\0QE\0QE\0QE\0QE\0QE\0QE\0QE\0QE\0QE\0QE\0QE\0QE\02E@kJΛ%8֓4N΍RcȤ1G<bh%\\\0AIRR\04\0&1sQ\0?\ZW`9ϩf5,0|B|=INFWn,7\0?T;r\n489JWژ\rmǎ(K\0Jj\rѮh@6XF\0aG~\Z`Bр*zԛwҋbE<N6@LF	{T`4Јې3IH2R\n@9V6j,phui1O\0HO8(rG+\0g(Z:\n\0QE\0QHM\0-&i3Fiff<撔\'R$}i\rql\0L/Ng?(&KYhKN*-vҦKh楢\0Җ)QE\0QE\0QE\0QE\0QE\0QE\0QE\0QE\0QE\0QE\0QE\0QE\0QE\0QE\0QE\0QE\0QE\0QE\0QE\0QE\0QE\0QE\0QE\0QE\0QE\0QE\0QE\0QE\0QE\0QE\0QE\0QE\0QE\0QE\0QE\0QE\0QE\0QE\0QE\0QE\0QE\0QE\0QE\0QE\0U{ʆ]E\0g\ZMq#Fh>\0K\0vh784\0!4ni3H&4fm=s4pJ,|+MQvCJqFE/SIwz\n,\0==T2i2OJ]y	|rSUr@=*qNH9N\ngSsNL8!$OzP<t搱0)چ\n~j@\"EF(\0u<vsj1zg֣-ҀO\')5A4|Ƃ~jBZ\0BOLRt(]!45\"#S@\'ZL~[H׮M\"ւƋ@SKbOl}*d{gSEjEE(\0(\0(\0(\0(\0(\0(\0(\0(\0(\0(\0(\0(\0(\0(\0(\0(\0(\0(\0(\0(\0(\0(\0(\0(\0(\0(\0(\0(\0(\0(\0(\0(\0(\0(\0(\0(\0(\0(\0(\0(\0(\0(\0(\0(\0(\0(\0(\0(\0r|B\\&ϥSh(4\0Rfb	3IE\0.i3IE\0QIH\0R@\0LoM(J\0\'F\"m#\r#4ݽȤ~xpM8(H)1jQLiJ9*\"sR0E0mSUB3Lw$I\0BUz2XEgbO c4\0?!叠G#81E\00cNb5&zTc\0y$M P> `i}})1ސx\0b\0Wr\000;g&\n>#)ۀ1V$ӭGSŊ4袟E(\0(\0(\0(\0(\0(\0(\0(\0(\0(\0(\0(\0(\0(\0(\0(\0(\0(\0(\0(\0(\0(\0(\0(\0(\0(\0(\0(\0(\0(\0(\0(\0(\0(\0(\0(\0(\0(\0(\0(\0(\0(\0(\0(\0(\0(\0(\0(\0(\0(\0(\0(\0(\0B21TdME_.#`URf\04Ri.T<RTAbJEPGAF,65=M)j	GJFIJyʸۃ!#m *wdӉ=j1(9jiq=hmʚU[)s{\Z`5)8E z\0]9E44\0(Oҝz_=$H&#ݨ1*U{װl&FGZUB>1m;4䑝yP^2F%ɑ,cH0EU;U^i\rW`J))gO@9v\rq+6\'.6֮\0(hb\n(\n(\n(\n(\n(\n(\n(\n(\n(\n(\n(\n(\n(\n(\n(\n(\n(\n(\n(\n(\n(\n(\n(\n(\n(\n(\n(\n(\n(\n(\n(\n(\n(\n(\n(\n(\n(\n(\n(\n(\n(\n(\n(\n(\n(\n(\n(\n(\n(\n(\n(\n(\n(\n(\nB20ih\nSFQkE:)\"(#RJ\r0:\\3I3HK\r\0E&h\0.h\r74S0)sނ)!\00#gHbw8ecK`	xmڣ\r+c\'&>G`}j@*W 93PE5c#.qm&z6 OڐKbXuX|Gnv)PFYF1ZwL8r\080*=(Xɩ4<\Zr}@u\\TU(U\n0)I(`QE\0QE\0QE\0QE\0QE\0QE\0QE\0QE\0QE\0QE\0QE\0QE\0QE\0QE\0QE\0QE\0QE\0QE\0QE\0QE\0QE\0QE\0QE\0QE\0QE\0QE\0QE\0QE\0QE\0QE\0QE\0QE\0QE\0QE\0QE\0QE\0QE\0QE\0QE\0QE\0QE\0QE\0QE\0QE\0QE\0QE\0QE\0QE\0QE\0QE\0QE\0QE\0QE\0QE\0QE\0QE\0QE\0Eu\"E\0Rӕ\\+V)X7uhdqfRKvisV~ݘR}\n,3V~\0b{hV&[hs`3\"UcW(~Av=GqM~}G\Z\0	$eG|uꦣeaI(QH	;GAQu<gn#ڐD&֜bWHzSr\"Ry4DE;wJ.0zPZ_izWO\\f$M34O<Ҹϵ1IݟznqRm3p8Ѡp)UB`\nuZB\n(Q@Q@Q@Q@Q@Q@Q@Q@Q@Q@Q@Q@Q@Q@Q@Q@Q@Q@Q@Q@Q@Q@Q@Q@Q@Q@Q@Q@Q@Q@Q@Q@Q@Q@Q@Q@Q@Q@Q@Q@Q@Q@Q@Q@Q@Q@Q@Q@Q@Q@Q@Q@Q@Q@Q@Q@Q@Q@Q@Q@Q@Q@Q@Q@Q@Q@%-\0ҊA^;MX(\rPHFjJ1wCT}?Sj`z\nZ\\s)Yby?[Q1voʤK[=ۊ֢PRsJKE4 )QE\0QE\0QE\0QE\0QE\0QE\0QE\0QE\0QE\0QE\0QE\0QE\0QE\0QE\0QE\0QE\0QE\0QE\0QE\0QE\0QE\0QE\0QE\0QE\0QE\0QE\0QE\0QE\0QE\0QE\0QE\0QE\0QE\0QE\0QE\0QE\0QE\0QE\0QE\0QE\0QE\0QE\0QE\0QE\0QE\0QE\0QE\0QE\0QE\0QE\0QE\0QE\0QE\0QE\0QE\0QE\0QE\0QE\0QE\0QE\0QE\0QE\0QE\0QE\0QE\0QE\0QE\0QE\0QE\0QE\0QE\0QE\0QE\0QE\0QE\0QE\0QE\0QE\0QE\0QE\0QE\0QE\0QE\0QE\0QE\0QE\0QE\0QE\0QE\0QE\0QE\0QE\0QE\0QE\0QE\0QE\0QE\0QE\0QE\0QE\0QE\0QE\0QE\0QE\0QE\0QE\0QE\0QE\0QE\0QE\0QE\0QE\0QE\0QE\0QE\0QE\0QE\0QE\0QE\0QE\0QE\0QE\0QE\0QE\0QE\0QE\0QE\0QE\0QE\0QE\0QE\0QE\0QE\0QE\0QE\0QE\0QE\0QE\0QE\0QE\0QE\0QE\0QE\0QE\0QE\0QE\0QE\0QE\0QE\0QE\0QE\0QE\0QE\0QE\0QE\0QE\0QE\0QE\0QE\0QE\0QE\0QE\0QE\0QE\0QE\0QE\0QE\0QE\0QE\0QE\0QE\0QE\0QE\0QE\0QE\0QE\0QE\0QE\0QE\0QE\0QE\0QE\0QE\0QE\0QE\0QE\0QE\0QE\0QE\0QE\0QE\0QE\0QE\0QE\0QE\0QE\0QE\0QE\0QE\0QE\0QE\0QE\0QE\0QE\0QE\0QE\0QE\0QE\0QE\0QE\0QE\0QE\0QE\0QE\0QE\0QE\0QE\0QE\0QE\0QE\0QE\0QE\0QE\0QE\0QE\0QE\0QE\0QE\0QE\0QE\0QE\0QE\0QE\0QE\0QE\0QE\0QE\0QE\0QE\0QE\0QE\0QE\0QE\0QE\0QE\0QE\0QE\0QE\0QE\0QE\0QE\0QE\0QE\0QE\0QE\0QE\0QE\0QE\0QE\0QE\0QE\0QE\0QE\0QE\0QE\0QE\0QE\0QE\0QE\0QE\0QE\0QE\0QE\0QE\0QE\0QE\0QE\0QE\0QE\0QE\0QE\0QE\0QE\0QE\0QE\0QE\0QE\0QE\0QE\0QE\0QE\0QE\0QE\0QE\0QE\0QE\0QE\0QE\0QE\0QE\0QE\0QE\0QE\0QE\0QE\0QE\0QE\0QE\0QE\0QE\0QE\0QE\0QE\0QE\0QE\0QE\0QE\0QE\0QE\0QE\0QE\0QE\0QE\0QE\0QE\0QE\0QE\0QE\0QE\0QE\0QE\0QE\0QE\0QE\0QE\0QE\0QE\0QE\0QE\0QE\0QE\0QE\0QE\0QE\0QE\0QE\0QE\0QE\0QE\0QE\0QE\0QE\0QE\0QE\0QE\0QE\0QE\0QE\0QE\0QE\0QE\0QE\0QE\0QE\0QE\0QE\0QE\0QE\0QE\0QE\0QE\0QE\0QE\0QE\0QE\0QE\0QE\0QE\0QE\0QE\0QE\0QE\0QE\0QE\0QE\0QE\0QE\0QE\0QE\0QE\0QE\0QE\0QE\0QE\0QE\0QE\0QE\0QE\0QE\0QE\0QE\0QE\0QE\0QE\0QE\0QE\0QE\0QE\0QE\0QE\0QE\0QE\0QE\0QE');
/*!40000 ALTER TABLE `mis_productos` ENABLE KEYS */;
UNLOCK TABLES;

--
-- Table structure for table `orden`
--

DROP TABLE IF EXISTS `orden`;
/*!40101 SET @saved_cs_client     = @@character_set_client */;
/*!40101 SET character_set_client = utf8 */;
CREATE TABLE `orden` (
  `id` int(11) NOT NULL AUTO_INCREMENT,
  `customer_id` int(11) NOT NULL,
  `total_price` float(10,2) NOT NULL,
  `created` datetime NOT NULL,
  `modified` datetime NOT NULL,
  `status` enum('1','0') COLLATE utf8_unicode_ci NOT NULL DEFAULT '1',
  PRIMARY KEY (`id`),
  KEY `customer_id` (`customer_id`),
  CONSTRAINT `orden_ibfk_1` FOREIGN KEY (`customer_id`) REFERENCES `clientes` (`id`) ON DELETE CASCADE ON UPDATE NO ACTION
) ENGINE=InnoDB AUTO_INCREMENT=43 DEFAULT CHARSET=utf8 COLLATE=utf8_unicode_ci;
/*!40101 SET character_set_client = @saved_cs_client */;

--
-- Dumping data for table `orden`
--

LOCK TABLES `orden` WRITE;
/*!40000 ALTER TABLE `orden` DISABLE KEYS */;
INSERT INTO `orden` VALUES (6,1,25.00,'2022-06-12 12:46:58','2022-06-12 12:46:58','1'),(7,1,40.00,'2022-06-12 13:08:08','2022-06-12 13:08:08','1'),(8,1,21500.00,'2022-07-05 08:20:08','2022-07-05 08:20:08','1'),(9,1,15000.00,'2022-07-06 11:16:52','2022-07-06 11:16:52','1'),(10,1,21500.00,'2022-07-06 15:28:03','2022-07-06 15:28:03','1'),(11,1,21500.00,'2022-07-06 20:17:41','2022-07-06 20:17:41','1'),(12,1,21500.00,'2022-07-06 22:09:46','2022-07-06 22:09:46','1'),(13,1,25300.00,'2022-07-07 07:28:02','2022-07-07 07:28:02','1'),(14,1,15000.00,'2022-07-07 09:33:22','2022-07-07 09:33:22','1'),(15,1,9000.00,'2022-07-07 11:50:45','2022-07-07 11:50:45','1'),(16,1,26000.00,'2022-07-07 14:09:29','2022-07-07 14:09:29','1'),(17,1,21500.00,'2022-07-07 16:33:05','2022-07-07 16:33:05','1'),(18,1,9000.00,'2022-07-07 21:39:24','2022-07-07 21:39:24','1'),(19,1,37300.00,'2022-07-11 16:07:51','2022-07-11 16:07:52','1'),(20,1,9000.00,'2022-07-13 11:41:06','2022-07-13 11:41:06','1'),(21,1,9000.00,'2022-07-17 21:32:33','2022-07-17 21:32:33','1'),(22,1,30000.00,'2022-07-17 23:54:06','2022-07-17 23:54:06','1'),(23,1,33000.00,'2022-07-18 00:03:50','2022-07-18 00:03:50','1'),(24,1,128000.00,'2022-07-18 00:26:23','2022-07-18 00:26:23','1'),(25,1,24000.00,'2022-07-18 00:28:36','2022-07-18 00:28:36','1'),(26,1,12000.00,'2022-07-18 00:36:51','2022-07-18 00:36:51','1'),(27,1,24000.00,'2022-07-18 00:41:23','2022-07-18 00:41:23','1'),(28,1,42500.00,'2022-07-18 00:47:31','2022-07-18 00:47:31','1'),(29,1,114500.00,'2022-07-18 08:57:12','2022-07-18 08:57:12','1'),(30,1,12000.00,'2022-07-18 08:57:54','2022-07-18 08:57:54','1'),(31,1,12000.00,'2022-07-18 08:58:16','2022-07-18 08:58:16','1'),(32,1,12000.00,'2022-07-18 09:25:54','2022-07-18 09:25:54','1'),(33,1,24000.00,'2022-07-18 10:00:59','2022-07-18 10:00:59','1'),(34,1,12000.00,'2022-07-18 10:03:36','2022-07-18 10:03:36','1'),(35,1,50500.00,'2022-07-18 10:47:24','2022-07-18 10:47:24','1'),(36,1,12000.00,'2022-07-18 11:10:08','2022-07-18 11:10:08','1'),(37,1,29000.00,'2022-07-18 11:35:24','2022-07-18 11:35:24','1'),(38,1,12000.00,'2022-07-18 12:48:11','2022-07-18 12:48:11','1'),(39,1,12000.00,'2022-07-18 14:15:23','2022-07-18 14:15:23','1'),(40,1,67300.00,'2022-07-18 16:00:30','2022-07-18 16:00:30','1'),(41,1,57500.00,'2022-07-18 16:01:47','2022-07-18 16:01:47','1'),(42,1,62500.00,'2022-07-18 16:45:55','2022-07-18 16:45:55','1');
/*!40000 ALTER TABLE `orden` ENABLE KEYS */;
UNLOCK TABLES;

--
-- Table structure for table `orden_articulos`
--

DROP TABLE IF EXISTS `orden_articulos`;
/*!40101 SET @saved_cs_client     = @@character_set_client */;
/*!40101 SET character_set_client = utf8 */;
CREATE TABLE `orden_articulos` (
  `id` int(11) NOT NULL AUTO_INCREMENT,
  `order_id` int(11) NOT NULL,
  `product_id` int(11) NOT NULL,
  `quantity` int(5) NOT NULL,
  PRIMARY KEY (`id`),
  KEY `order_id` (`order_id`),
  CONSTRAINT `orden_articulos_ibfk_1` FOREIGN KEY (`order_id`) REFERENCES `orden` (`id`) ON DELETE CASCADE ON UPDATE NO ACTION
) ENGINE=InnoDB AUTO_INCREMENT=57 DEFAULT CHARSET=utf8 COLLATE=utf8_unicode_ci;
/*!40101 SET character_set_client = @saved_cs_client */;

--
-- Dumping data for table `orden_articulos`
--

LOCK TABLES `orden_articulos` WRITE;
/*!40000 ALTER TABLE `orden_articulos` DISABLE KEYS */;
INSERT INTO `orden_articulos` VALUES (1,6,2,1),(2,7,3,1),(3,7,4,1),(4,8,4,1),(5,9,1,1),(6,10,4,1),(7,11,4,1),(8,12,4,1),(9,13,2,1),(10,14,1,1),(11,15,7,1),(12,16,3,1),(13,16,7,1),(14,17,4,1),(15,18,7,1),(16,19,2,1),(17,19,6,1),(18,20,7,1),(19,21,7,1),(20,22,6,1),(21,22,7,2),(22,23,6,2),(23,23,7,1),(24,24,6,2),(25,24,7,2),(26,24,4,4),(27,25,6,2),(28,26,6,1),(29,27,6,2),(30,28,7,1),(31,28,6,1),(32,28,4,1),(33,29,6,7),(34,29,4,1),(35,29,7,1),(36,30,6,1),(37,31,6,1),(38,32,6,1),(39,33,6,2),(40,34,6,1),(41,35,3,1),(42,35,4,1),(43,35,6,1),(44,36,6,1),(45,37,3,1),(46,37,6,1),(47,38,6,1),(48,39,6,1),(49,40,2,1),(50,40,7,2),(51,40,6,2),(52,41,4,1),(53,41,6,3),(54,42,3,1),(55,42,4,1),(56,42,6,2);
/*!40000 ALTER TABLE `orden_articulos` ENABLE KEYS */;
UNLOCK TABLES;

--
-- Table structure for table `productos`
--

DROP TABLE IF EXISTS `productos`;
/*!40101 SET @saved_cs_client     = @@character_set_client */;
/*!40101 SET character_set_client = utf8 */;
CREATE TABLE `productos` (
  `id` int(11) NOT NULL,
  `codigo` varchar(45) DEFAULT NULL,
  `nombre` varchar(45) DEFAULT NULL,
  `descripcion` varchar(45) DEFAULT NULL,
  `precio` int(45) DEFAULT NULL,
  `cantidad` int(255) NOT NULL,
  PRIMARY KEY (`id`)
) ENGINE=InnoDB DEFAULT CHARSET=utf8mb4;
/*!40101 SET character_set_client = @saved_cs_client */;

--
-- Dumping data for table `productos`
--

LOCK TABLES `productos` WRITE;
/*!40000 ALTER TABLE `productos` DISABLE KEYS */;
/*!40000 ALTER TABLE `productos` ENABLE KEYS */;
UNLOCK TABLES;

--
-- Table structure for table `schedule_list`
--

DROP TABLE IF EXISTS `schedule_list`;
/*!40101 SET @saved_cs_client     = @@character_set_client */;
/*!40101 SET character_set_client = utf8 */;
CREATE TABLE `schedule_list` (
  `id` int(30) NOT NULL AUTO_INCREMENT,
  `title` text NOT NULL,
  `description` text NOT NULL,
  `start_datetime` datetime NOT NULL,
  `end_datetime` datetime DEFAULT NULL,
  PRIMARY KEY (`id`)
) ENGINE=InnoDB AUTO_INCREMENT=27 DEFAULT CHARSET=utf8mb4;
/*!40101 SET character_set_client = @saved_cs_client */;

--
-- Dumping data for table `schedule_list`
--

LOCK TABLES `schedule_list` WRITE;
/*!40000 ALTER TABLE `schedule_list` DISABLE KEYS */;
INSERT INTO `schedule_list` VALUES (25,'Marta','lavado de pelo','2022-07-20 21:01:00','2022-07-20 22:05:00');
/*!40000 ALTER TABLE `schedule_list` ENABLE KEYS */;
UNLOCK TABLES;

--
-- Table structure for table `trabajadores`
--

DROP TABLE IF EXISTS `trabajadores`;
/*!40101 SET @saved_cs_client     = @@character_set_client */;
/*!40101 SET character_set_client = utf8 */;
CREATE TABLE `trabajadores` (
  `idTrabajador` int(11) NOT NULL AUTO_INCREMENT,
  `nombre` varchar(254) NOT NULL,
  `edad` int(254) NOT NULL,
  `correo` varchar(254) NOT NULL,
  PRIMARY KEY (`idTrabajador`)
) ENGINE=InnoDB AUTO_INCREMENT=23 DEFAULT CHARSET=utf8mb4;
/*!40101 SET character_set_client = @saved_cs_client */;

--
-- Dumping data for table `trabajadores`
--

LOCK TABLES `trabajadores` WRITE;
/*!40000 ALTER TABLE `trabajadores` DISABLE KEYS */;
INSERT INTO `trabajadores` VALUES (20,'Renatotttt',22,'renatotr66@gmail.com'),(21,'renato',22,'renatotr66@gmail.com'),(22,'fdfdfdf',22,'nosignal7766@gmail.com');
/*!40000 ALTER TABLE `trabajadores` ENABLE KEYS */;
UNLOCK TABLES;

--
-- Table structure for table `usuario`
--

DROP TABLE IF EXISTS `usuario`;
/*!40101 SET @saved_cs_client     = @@character_set_client */;
/*!40101 SET character_set_client = utf8 */;
CREATE TABLE `usuario` (
  `idUsuario` int(11) NOT NULL AUTO_INCREMENT,
  `idEstado` int(11) DEFAULT NULL,
  `idCliente` varchar(254) DEFAULT NULL,
  `contrasena` varchar(254) DEFAULT NULL,
  `correo` varchar(255) DEFAULT NULL,
  PRIMARY KEY (`idUsuario`)
) ENGINE=InnoDB DEFAULT CHARSET=utf8mb4;
/*!40101 SET character_set_client = @saved_cs_client */;

--
-- Dumping data for table `usuario`
--

LOCK TABLES `usuario` WRITE;
/*!40000 ALTER TABLE `usuario` DISABLE KEYS */;
/*!40000 ALTER TABLE `usuario` ENABLE KEYS */;
UNLOCK TABLES;

--
-- Table structure for table `usuarios`
--

DROP TABLE IF EXISTS `usuarios`;
/*!40101 SET @saved_cs_client     = @@character_set_client */;
/*!40101 SET character_set_client = utf8 */;
CREATE TABLE `usuarios` (
  `id` int(11) NOT NULL AUTO_INCREMENT,
  `usuario` varchar(40) COLLATE utf8_spanish_ci NOT NULL,
  `password` varchar(50) COLLATE utf8_spanish_ci NOT NULL,
  `nombre` varchar(80) COLLATE utf8_spanish_ci NOT NULL,
  `tipo_usuario` int(11) NOT NULL,
  PRIMARY KEY (`id`)
) ENGINE=InnoDB AUTO_INCREMENT=5 DEFAULT CHARSET=utf8 COLLATE=utf8_spanish_ci;
/*!40101 SET character_set_client = @saved_cs_client */;

--
-- Dumping data for table `usuarios`
--

LOCK TABLES `usuarios` WRITE;
/*!40000 ALTER TABLE `usuarios` DISABLE KEYS */;
INSERT INTO `usuarios` VALUES (1,'admin','d033e22ae348aeb5660fc2140aec35850c4da997','Administrador Web',1),(2,'trabajador','b665e217b51994789b02b1838e730d6b93baa30f','Trabajador1',2),(4,'renato','hano7766','renato',1);
/*!40000 ALTER TABLE `usuarios` ENABLE KEYS */;
UNLOCK TABLES;
/*!40103 SET TIME_ZONE=@OLD_TIME_ZONE */;

/*!40101 SET SQL_MODE=@OLD_SQL_MODE */;
/*!40014 SET FOREIGN_KEY_CHECKS=@OLD_FOREIGN_KEY_CHECKS */;
/*!40014 SET UNIQUE_CHECKS=@OLD_UNIQUE_CHECKS */;
/*!40101 SET CHARACTER_SET_CLIENT=@OLD_CHARACTER_SET_CLIENT */;
/*!40101 SET CHARACTER_SET_RESULTS=@OLD_CHARACTER_SET_RESULTS */;
/*!40101 SET COLLATION_CONNECTION=@OLD_COLLATION_CONNECTION */;
/*!40111 SET SQL_NOTES=@OLD_SQL_NOTES */;

-- Dump completed on 2022-07-26 15:25:13
